'숨진 부사관 부실변론 의혹' 국선변호인 피의자 소환,20210615,정치

윤석열 이달 말 '정치 참여' 선언 검토…사실상 대선 출정식,20210615,정치

"모든 공휴일에 '대체휴일'…""이르면 광복절부터 적용""",20210615,정치

고발 이후 '김현미 농지' 가보니 정비한 모습…커지는 주택 명의신탁 의혹,20210615,정치

택배는 약속이다,20210615,정치

"진중권 ""이준석 당대표 당선 일러…좀 더 경륜 쌓아야""",20210615,정치

"사라진 '빨간 날' 돌아올까…민주당 ""광복절부터 시행""ㅣ뉴스썰기",20210615,정치

"하태경 ""검찰총장 직선제 정권-검찰 간 불화 근본적 해결 방안""｜다정회 핫라인",20210615,정치

젖비린내·글씨체 조롱…'반이준석 헤쳐모여'?,20210616,정치

부하 껴안은 장교에 군사법원 '무죄'…대법서 뒤집혀,20210616,정치

"부사관 유족 ""군 '영상 녹화본 없다' 번복…문서도 안 남아""",20210616,정치

김정은 '식량 부족' 이례적 인정…북한 농촌 모습 포착,20210616,정치

왕처럼 군림하는 대사들,20210616,정치

"정부 '대체공휴일법' 난색…늘 그랬듯 ""기업에 부담""",20210616,정치

"고영인 ""민주당 초선들 2030 돌아선 현상에 심각성 느껴""",20210616,정치

송영길 여당 대표 카드 많이 쓰면 '현금 캐시백' 추진,20210616,정치

국민의힘 vs 국민의당…합당 앞두고 '당명' 힘겨루기ㅣ뉴스썰기,20210616,정치

"""내 맘이다…XX 꼰대 같네"" 지하철 담배남의 추태",20210617,정치

9월 경선? 연기?…민주당 18일 최고위 '분수령',20210617,정치

백신 맞으면 탑승 금지? '가짜뉴스' 시작은…,20210617,정치

김원웅 광복회장 모친 '독립운동 논란'…보훈처 조사,20210617,정치

군 조리병 1천명 추가 투입…휴일엔 쉬라고 '간편식',20210617,정치

"검증 예고·입당 압박…윤석열 ""여야 협공 대응 않겠다""",20210617,정치

"송영길 광주 참사에 ""액셀만 밟았어도…"" 발언 논란",20210617,정치

"김재원 ""국민의힘 후보들의 윤석열 공격…'협공'으로 느낄만 해""",20210617,정치

"이준석 ""자격시험·토론배틀""…김재원 ""다시 생각해야""ㅣ뉴스썰기",20210617,정치

"""어묵 먹는 게 아니다""…윤석열의 '민심투어'는?",20210618,정치

"김정은 ""대화·대결 준비""…바이든 정부에 첫 메시지",20210618,정치

원자력연구원 서버 해킹 북한 배후 추정…국정원 조사,20210618,정치

인권의 시계는 거꾸로 가지 않는다,20210618,정치

"차별금지법 이슬람 국가 만든다?…""항의전화 수백통""",20210618,정치

민주 '상위 2%' 종부세 확정…양도세 비과세도 상향조정,20210618,정치

마이웨이? 국민의힘 입당? 윤석열 '오락가락 메시지',20210618,정치

측량자 이름에 '홍길동'…구청은 해체계획서 무사통과,20210618,정치

"류호정 ""타투 불법 영역에 있기 때문에 더 문제 발생하는 것""",20210618,정치

"'머뭇' 윤석열…""경거망동 않고 신중히 행동하겠다""ㅣ뉴스썰기",20210618,정치

"'장외 대권주자' 김동연 ""미래 얘기하는 사람 없어""",20210619,정치

법은 '금지' 현실은 '인기'…음지에서 큰 '타투 시장',20210619,정치

"""저출산위 위원 늘려야"" 법안…""1년에 서너 번 회의하는데"" 비판도",20210619,정치

"이재명 ""차별금지법 원칙적 찬성…논쟁 부분 협의·조정 가능""",20210619,정치

"문 대통령 순직 소방관 애도…""유가족께 마음 깊이 위로""",20210619,정치

"김정은 ""현 난국 반드시 헤칠 것""…북한 당 전원회의 폐회",20210619,정치

"""내 인생은 당신의 포르노가 아니다""",20210620,정치

'윤석열 X파일' 논란 떠오르는데…대변인은 돌연 사퇴,20210620,정치

내달부터 수도권 6인 모임 허용…비수도권은 모임금지 전면해제,20210620,정치

"추미애 23일 대권 출사표…""'사람이 높은 세상' 향해 깃발""",20210620,정치

"이동훈 윤석열측 대변인직 열흘 만에 전격사퇴…""일신상 사유""",20210620,정치

청 청년비서관에 '25세 대학생' 파격…정무수석 산하로,20210621,정치

"장성철 ""윤석열 의혹 챕터별 정리돼 있어…정치적 판단도""",20210621,정치

"X파일 두고 ""문제 있다"" ""청문회 재탕""…윤석열은 무대응",20210621,정치

"빅2 숙제는…""전언정치 탈피"" ""정권교체론 극복""",20210621,정치

윤석열 32% 이재명 29.3%…2.7%p 차 접전,20210621,정치

"전재수 ""경선 일정 미루면 후보들 경쟁력 키울 시간 확보돼""",20210621,정치

"""민주당에 가깝다""…김동연 ""그분의 생각"" 선 긋기?ㅣ뉴스썰기",20210621,정치

윤석열 32% 이재명 29.3%…오차범위 내 접전 여전,20210621,정치

"""조건 없이 만나자는 미국…사실상 북한과 대화 거부""?",20210621,정치

"김여정 부부장 논평에…""따끈따끈한 뉴스""?",20210622,정치

"김여정 미 대화 제안에 ""꿈보다 해몽…잘못된 기대 말라""",20210622,정치

민주당 '비례대표' 윤미향·양이원영 제명…의원직 유지,20210622,정치

"진중권 ""윤석열 거취 문제 서두르지 말고 '메시지' 신경써야""",20210622,정치

"""무장경비와 문 없는 화장실 공유""…말라보 분관 '보복' 의혹",20210622,정치

민주당 경선 일정 '내전'…3시간 반 의총서 24명 발언,20210622,정치

"감사원 직원들 최재형에 사퇴 압박 ""중립성 우려""",20210622,정치

"윤석열 ""X파일은 괴문서…집권당 개입했다면 불법사찰""",20210622,정치

여전히 '안갯속' 윤석열 행보에…'뿅→짠→펑'?ㅣ뉴스썰기,20210622,정치

엉뚱한 데 잘못 쓴 세금만 239억…퍼준 성과급만 736억,20210623,정치

이준석의 달라진 글씨체…'이번엔 또박또박?',20210623,정치

"""용서 안 해주면 죽어버린다""…이게 사과라는 군사경찰",20210623,정치

"민주당 ""양향자 의원 성폭력 피해자와 접촉금지""",20210623,정치

"윤석열 등판 지연 속 추미애 출사표 ""윤 문제적 총장""",20210623,정치

"'윤석열 X파일' 출처 첫 확인…장성철 ""내가 본 것과는 달라""",20210623,정치

1%의 벽 넘으려는 80%의 요구,20210623,정치

입구에 달자고?…또 결론 못 낸 '수술실 CCTV 설치법',20210623,정치

"이광재 ""9년 공백 있었지만 열심히 준비…'정책 연대' 필요""",20210623,정치

"""갈 길 당당히 가겠다""…다시 '황교안 시계' 나올까?ㅣ뉴스썰기",20210623,정치

42년생도 03년생도…국민의힘 대변인 도전,20210624,정치

"민주당 양향자 의원 보좌진 성폭력 사건에 ""평생 사죄""",20210624,정치

"""청년층 안에서도 양극화""…청년비서관 박성민의 첫 숙제",20210624,정치

"'25세 1급 공무원' 공정성 논란…청 ""청년 목소리 수렴 의지""",20210624,정치

세종시에 상가 하태경…'이해충돌 의심' 여당 사례 야당에도 적용해보니,20210624,정치

"농지에 시멘트 덮은 국민의힘 이주환 ""물류창고 세워볼까"" 백종헌",20210624,정치

"""정당한 차별이란 없다…국회가 나서야"" 피해자들의 호소",20210624,정치

29일 윤봉길기념관서 '대선전 등판'…장소·시점 의미는?,20210624,정치

"이철희 ""이준석 체제 '엑설런트'…여당 좋은 자극으로 받아들여야""",20210624,정치

"윤석열 29일 출마선언…""앞으로 걸어갈 길 말씀드리겠다""",20210624,정치

텅텅 빈 국회 본회의장? '출석률 F학점',20210625,정치

김기표 청와대 반부패비서관 89억 부동산에 빚이 54억,20210625,정치

"조국 ""인두겁을 쓰고 어찌""…조선일보에 거액 소송?",20210625,정치

"윤석열 '5·18 사형수'에 연락…""내달 광주 가겠다""",20210625,정치

민주당 대선 경선 '예정대로' 9월로…이재명 손 들어줬다,20210625,정치

"김병욱 ""경선 일정 그대로…토론 과정서 격론 있었지만 좋은 결과""",20210625,정치

"홍준표 윤석열 '신상품'에 비유…""흠 있으면 반품""｜뉴스썰기",20210625,정치

"""최재형 대선행 결심 다음주 사퇴""…출마 선언 초읽기",20210625,정치

윤석열 잡는 대선주자 추미애가 아니라 홍준표?,20210625,정치

김기표 비서관 '의혹의 땅'…맹지 매입 1년 뒤 인근 개발,20210626,정치

"홍준표 ""윤석열 X파일 '병풍'처럼 대선 끝까지 이슈될 것""",20210626,정치

"야권은 '반윤석열' 전선…""최재형 다음 주 사의할 듯""",20210626,정치

여당 '경선 시간표' 확정 뒤…3인방 일제히 '호남선',20210626,정치

청와대 반부패비서관 투기 논란…개발지역 인근 '맹지'도 매입,20210626,정치

"이준석 ""정책 공모전 하고파…정치권이 두려워한 변화""",20210626,정치

"이준석 ""'완전한 통합' 생각으로 대선 임할 것""",20210626,정치

군검찰 수사심의위 '2차 가해' 준위·상사 기소 권고,20210626,정치

김의겸·김상조·김현미 이어…반복된 '부동산 내로남불',20210627,정치

56억 '영끌 빚투 논란'…김기표 반부패비서관 자진 사퇴,20210627,정치

'투기의혹' 김기표 청와대 반부패비서관 사의…문대통령 즉각 수용,20210627,정치

'식량난' 걱정하던 김정은…'살까기 통치?',20210628,정치

주차장·공사판으로 변한 '독립운동 사적지'…보훈처는 방치,20210628,정치

"""군 수사 못 믿어 국정조사를""…부사관 유족 기자회견",20210628,정치

수습 안 되는 청와대발 부동산 '내로남불',20210628,정치

'LH' 터졌는데 김기표 발탁…여당서 '인사수석 책임론',20210628,정치

신고 안 한 '김기표 땅'으로 54억 빌린 부동산개발업체,20210628,정치

이재명 온라인 출정식 윤석열 캠프 가동…준비 끝낸 '빅2',20210628,정치

"""송구하다"" 사퇴한 최재형 감사원장…'대선 직행' 논란",20210628,정치

"정운천 ""국민의힘에게 호남은 불모지…김종인 이후 소통 시작""",20210628,정치

"홍준표 '계모' 발언에…황교안 ""어머니라 생각? 좋은 일""｜뉴스썰기",20210628,정치

"""군내 카르텔 문제…대통령 지시 뭉개고 있는 것""",20210628,정치

열렸다 닫힌 윤석열 SNS 계정…'엉덩이 탐정' 때문?,20210629,정치

차별금지법 통과하면 벌금 100억?…퍼지는 '괴담' 따져보니,20210629,정치

"'초보 정치인' 자처 '개론' 편 윤석열…""다 답하면 선거법 위반""",20210629,정치

정세균·이광재 첫 단일화 행보…선명해지는 '반이재명 전선',20210629,정치

공간도 조직도 작게…'이재명 캠프' 간소화 전략 왜,20210629,정치

"윤석열 ""'두 전직' 연세도 있고…사면 어느 정도 공감""",20210629,정치

"현 정부 향해 ""독재·약탈·망상""…'거친 표현' 쓴 윤석열",20210629,정치

"15분간 ""정권교체"" 8번 외친 윤석열…대선 출마 공식화",20210629,정치

"진중권 ""윤석열 '압도적 정권교체' 위해 입당 미루는 듯""",20210629,정치

"""자유민주주의서 '자유' 빼내려 해""…윤석열 발언 팩트체크｜뉴스썰기",20210629,정치

국민의힘 대변인 선발 '4강 진출자'는 누구?,20210630,정치

"김정은 ""방역 태만""…군 서열 1위 이병철 해임된 듯",20210630,정치

"잇단 인사 논란에도…청와대 내부에선 ""시스템 아닌 판단 잘못""",20210630,정치

또 '부실 검증'…이틀 늦게 박인호 공군총장 임명안 상정,20210630,정치

"""부득이하게 샀다""던 김기표 송정 땅…지분쪼개기 매입",20210630,정치

민주당 대선주자 9명…지도부는 경선 '흥행카드' 고심,20210630,정치

"윤석열 부인 김건희 ""내가 쥴리? 기가 막히다"" 의혹 반박",20210630,정치

"윤석열 이동훈 전 대변인 금품수수 의혹에 ""개인 문제""",20210630,정치

"이상민 ""선관위 회의서 예비경선 일정 확정…본선 경선룰 논의""",20210630,정치

윤석열 '한·일 관계 개선' 의욕…일 언론 '관심'｜뉴스썰기,20210630,정치

'사랑의 작대기' 주고받은 민주당 대선주자들,20210701,정치

"'사의' 밝힌 이광철 비서관…""검찰 기소 매우 부당""",20210701,정치

이재명의 '숙제' 셋 ①지지율 ②원외·비주류 ③반이재명 전선,20210701,정치

참모도 없이 나홀로 출정식…이재명 '다른 길' 택했다,20210701,정치

"김재원 ""정치인 윤석열에 높은 점수…구체적 계획 앞으로 보여줄 것""",20210701,정치

"이재명 ""흙수저 비주류 출신…희망민국 만들겠다"" 출사표",20210701,정치

김건희 직접 등판…윤석열 '줄리 프레임' 갇히나｜뉴스썰기,20210701,정치

'이재명 저격수' 윤희숙 대선 출마 선언…황교안·안상수도 출사표,20210701,정치

"황교안 ""정권교체 위해 불사르겠다"" 대선 출마 선언",20210701,정치

윤희숙 대선 출마 선언에…홍준표 '망둥이'?,20210702,정치

북 추정세력 '피싱 해킹'…국산 전투기 기술도 뚫려,20210702,정치

"'면접관 취소' 김경율 ""교체 사실 언론보도로 알아""",20210702,정치

'조국흑서' 저자가 면접관?…민주당 김경율 교체 내홍,20210702,정치

"윤석열 '법적용 원칙 강조' 입장문…국힘 ""연좌제 없는 나라""",20210702,정치

"이재명 윤 장모에 ""사필귀정""…조국엔 ""유죄 땐 책임져야""",20210702,정치

"홍준표 ""숭어 뛰니 망둥이도"" 발언에…이준석 '경고'｜뉴스썰기",20210702,정치

"김경율 ""국민면접관 자진사퇴 아냐…'번복' 사실 언론보도로 알아""",20210702,정치

"윤석열 절친 권성동 ""쥴리 해명? 물어봐서 답했을 뿐""",20210702,정치

이해 힘든 '독소조항' 없앤다…군사법원법 개정 추진,20210703,정치

윤석열-권영세 회동 임박…빨라진 '입당 논의',20210703,정치

"이재명측 '점령군 발언' 비판에 반박…""역사지식부터 채우길""",20210703,정치

김정은이 선물한 '곰이' 출산…문 대통령 새끼 7마리 공개,20210703,정치

[중국은 왜] 마오쩌둥처럼…'혁명 오너' 시대 과시한 시진핑,20210703,정치

이재명에 '여배우' 이낙연에 '조국' 물은 민주당 대선 면접,20210704,정치

"윤측 ""2013년 징계사유 '처가사건 압력' 아냐…징계는 단1건""",20210704,정치

"이재명 기본소득 협공에 ""성장회복·공정사회 수행수단중 하나""",20210704,정치

"첫 TV토론 이재명 vs 반이재명…""말바꾸기""·""말꼬리""",20210704,정치

7월 5일 (월) JTBC 뉴스특보,20210705,정치

국회 기자회견장에 등장한 '생후 59일',20210705,정치

국민의힘 토론배틀 통해 대변인단 4명 최종 선발,20210705,정치

지지율 선두 이재명 집중 견제…가시 돋친 '120분 설전',20210705,정치

"""YS 문하생"" 말했던 윤석열 연이틀 '탈 탈원전' 행보",20210705,정치

이낙연 '유튜브 출사표'…정세균 이광재 품고 단일화,20210705,정치

이재명 '미군은 점령군' 표현 문제없나? 윤석열 비판은?,20210705,정치

"""미 점령군"" vs ""망언""…이재명·윤석열 불붙은 '역사전쟁'",20210705,정치

'형수 욕설' 사과 '장모 실형' 해명에 30% 이상 반감,20210705,정치

'빅2' 출마 뒤 첫 조사…다자대결서 더 벌어졌다,20210705,정치

정부 지지율 하락 가장 큰 요인은 부동산? 'OX 문답 셋',20210705,정치

"정세균 ""스캔들 해명"" vs 이재명 ""바지 한 번 더 내릴까요""",20210705,정치

"김재원 ""오죽하면 '홍감탱이'…세련되게 했으면""",20210706,정치

"송영길 '대깨문' 발언 후폭풍…친문들 ""당대표 탄핵""",20210706,정치

윤석열 탈원전 비판 행보…본인 이슈엔 답변 회피,20210706,정치

박형준 '1조원대 창업펀드 공약' MOU 요즈마그룹 추적,20210706,정치

"""옷 치수 재던 날 상사가 몸매 평가…2차가해 이어 해고까지""",20210706,정치

이번엔 현역 장성…'성폭력 특별신고' 기간에 성추행,20210706,정치

"진중권 ""민주당 2차 토론회 야당 대변인 배틀보다 흥행 안 돼""",20210706,정치

민주당 '명추연대' 급부상…경선의 '묘수' 되나｜뉴스썰기,20210706,정치

"""교황청 방북 적극 추진"" 화답... 교황청이 북에 백신 지원?",20210706,정치

민주당 대선 경선 흥행 담당 '메기'?,20210707,정치

"""전 국민"" vs ""80% 보완""…민주당 재난지원금 갑론을박",20210707,정치

국민대 윤석열 부인 김건희 '박사논문 의혹' 조사 착수,20210707,정치

"윤석열·안철수 '판 키우기' 회동…최재형 ""정치 참여""",20210707,정치

"황교안 ""국정원 댓글수사 외압 없었다…오히려 도움줘""",20210707,정치

'탄소중립' 외친 윤석열 마스크엔 반대 문구?｜뉴스썰기,20210707,정치

김종인 윤석열 만날 거냐 묻자 '도리'…최재형·김동연엔 '끄덕',20210707,정치

중정 시절 사건까지 거슬러…고개 숙인 국정원,20210707,정치

"7대1 '이재명 때리기' 계속…""동네북 역할 기쁘게 감당""",20210707,정치

윤석열 마스크에 '탄소중심'…정치권 도마에,20210708,정치

"더 높아진 감염재생산지수…""하루 2234명 나올 수도""",20210708,정치

윤석열 '후쿠시마 오염수' 발언 논란…정말 과거엔 문제 안 삼았나?,20210708,정치

"이준석 ""여가부 폐지 당론까진 아냐""…당내서도 충돌",20210708,정치

"윤석열-이준석 비공개로 만났다…국힘 ""8월 탑승할 것""",20210708,정치

포항 해병대 '만취 운전' 닷새 전엔 장교가 '낮술 폭행',20210708,정치

이 와중에 친선외교? 유럽 간다며 백신 맞은 의원들,20210708,정치

"""수도권 거리두기 12일부터 4단계 격상""…내일 발표할 듯",20210708,정치

"임승호 ""여가부 폐지론 아직 당론 아냐…제도 수정 논의 필요""",20210708,정치

"윤석열 ""정부 일 오염수 방류 문제 삼지 않았다"" 사실은?｜뉴스썰기",20210708,정치

북한판 MZ세대 '오빠·쪽팔리다' 쓰면 단속?,20210709,정치

"결국 '몸통' 못 건드린 군…유족 ""겉핥기식 수사"" 반발",20210709,정치

공군 부사관 성추행서 죽음까지…연루자만 38명,20210709,정치

"논란의 김건희 논문…""윤로남불이다"" vs ""여당 후보는?""",20210709,정치

"김두관 ""국회·청와대 세종시로…행정수도화 완성할 것""",20210709,정치

"""좌파 질문 받지 마"" 윤석열도 난감한 극성 지지자들｜뉴스썰기",20210709,정치

"이준석 ""윤석열 야심 있다면 김종인에 매달려야""…국힘 경선버스 '시동'",20210709,정치

국민의힘 '대선버스' 시동…이슈메이커 홍준표·유승민 등판,20210709,정치

3명 중 1명만 남는다…최문순·양승조·김두관 누가 웃나,20210709,정치

"김종인 ""윤석열 경선버스 탑승이 능사 아니다""",20210710,정치

"윤석열 측 ""경찰 사칭 취재"" MBC 기자 2명 등 고발",20210710,정치

"이준석 ""통일부 혈세 낭비""…이인영 ""부족한 역사의식""",20210710,정치

"이번엔 '기본주택' 논쟁…이재명 ""이해부족"" 박용진 ""자의적""",20210710,정치

"교황청 ""교황 북한 방문 의사 확실…북 초청장 오길""",20210710,정치

군 12일부터 전부대 외출·면회 통제…휴가는 10%까지,20210710,정치

"이준석 ""이번 정부서 통일부 뭐 했나…유튜브도 재미없어""",20210710,정치

이준석의 '여가부-통일부 폐지론'…정치권 시끌,20210711,정치

"""역겹다"" 교수 게시글 논란 이후…서울대 찾은 이재명",20210711,정치

민주당 대선 경선후보 6명 압축…양승조·최문순 탈락,20210711,정치

청와대 문대통령 방일 '성과 전제' 재확인…일본 태도변화 압박,20210711,정치

민주당 '성범죄 2차 가해' 양향자 지역위 당직자 제명,20210711,정치

"정세균 이재명 '전국민 지급' 직격…""국민은 무책임하지 않다""",20210711,정치

"이준석 ""이인영 젠더 운운 전에 인권감수성 키워라""",20210711,정치

대한민국 191개국 '무비자 방문'…여권지수 세계 3위,20210711,정치

더불어민주당 오늘 예비경선 컷오프…6명 본경선 진출,20210711,정치

"""올림픽 때 한일정상회담 조율 중…일본 단시간 회담 태세""",20210711,정치

국민의힘 흥행몰이 경선룰 고심…4강 토너먼트에 결선투표까지?,20210711,정치

김현미 전 장관의 '(내) 집 값 꼭 잡겠다?'…그의 집과 농지를 가봤습니다,20210711,정치

민주당 '보좌진 성범죄 의혹' 양향자 의원 제명 결정,20210712,정치

기자 출신 김의겸 '라떼는 말이야…',20210712,정치

송영길·이준석 '전 국민 재난지원금' 지급 합의,20210712,정치

'7번 발의' 차별금지법…제대로 따져본 적 없는 국회,20210712,정치

정부 규제 비웃듯…공공기관 저금리 '사내대출 잔치',20210712,정치

"'부처 폐지론' 띄우는 이준석…통일부 ""존속해야 마땅""",20210712,정치

줄줄이 예비후보 등록…'D-240' 대선 레이스 개막,20210712,정치

"윤희숙 ""정부 명확한 부동산 정책 메시지로 시장 혼란 줄여야""",20210712,정치

"김재원 민주당 선거인단 신청…""건전한 상식""?｜뉴스썰기",20210712,정치

이낙연 눈에 띄는 상승세…양자대결서 윤석열 앞서기도,20210713,정치

"""전 국민 지원금"" 100분 만에…합의 번복한 국민의힘",20210713,정치

"정세현 ""통일은 중장기적…외교와 다른 차원의 문제""",20210713,정치

윤석열에 유리한 여론조사 중단…정치적 압력 때문?ㅣ뉴스썰기,20210713,정치

'산소발생기 외교행낭' 내일 인도네시아로…인도 이어 두 번째,20210713,정치

최재형 측 '국민의힘 입당' 무게…윤석열 '중원' 포기?,20210713,정치

이낙연표 '엄근진' 먹혔나…맹추격에 '어대명' 출렁 조짐,20210713,정치

'전 국민 지원금' 100분 만에 번복…이준석 리더십 논란,20210713,정치

"최재형 여의도 공유오피스에 대선캠프…""반문연대론 한계""",20210713,정치

'부실수사 윗선' 공군 법무실장 피의자 전환…수사 42일 만,20210714,정치

"윤석열 ""장모 관련 사건 총장 청문회 때 처음 알아""",20210714,정치

"권영세 만난 최재형…최 ""입당 숙고해 결정"" 권 ""7월 넘기지 말았으면""",20210714,정치

"이상민 ""경선 일정 연기…이재명 측 당 결정 따른다는 입장""",20210714,정치

"'김영란법 위반 혐의' 이동훈…""정치공작이다""?ㅣ뉴스썰기",20210714,정치

'하락세' 윤석열 전략 고심…최재형 '대선 행보' 직진,20210714,정치

"윤석열 ""출마 명분 지적하는 여권이 오히려 자기부정""",20210714,정치

"이재명 다시 '사이다'로?…이낙연에 ""주변 돌아보라"" 역공",20210714,정치

"'이동훈 폭탄'에…""진상규명해야"" vs ""수사 잘 봐달라 구애""",20210714,정치

"송영길 ""헌정사 나쁜 사례 될 것""…與 최재형 국민의힘 입당 일제히 비판",20210715,정치

문 대통령 긍정평가 45% 부정 47%…4달 만에 격차 최소ㅣNBS,20210715,정치

"민주당 최재형 입당 비판 ""배신자는 실패"" ""반헌법적 사례""",20210715,정치

"문 대통령 청해부대 코로나 확진에 ""의료인력 신속투입""",20210715,정치

"김총리 ""소득 줄지 않아도 지원 옳은가"" 80% 지급안 고수",20210715,정치

"최재형 국민의힘 입당…""정권교체 국민의힘 중심돼야""",20210715,정치

윤석열 39.4% vs 이재명 38.6%…오차범위 내 접전ㅣ리얼미터,20210715,정치

오늘도 1600명 안팎…비수도권 2단계로,20210715,정치

[뉴스체크｜정치] 최재형 국민의힘 입당 결심,20210715,정치

"윤석열 ""가족 검증 관련 사실 기초 땐 설명할 용의""",20210715,정치

'차명 농지 의혹' 문진석 의원 그 '땅' 찾아가보니…,20210615,경제

시청 직원·가족끼리 짬짜미 투기…'LH 닮은꼴',20210615,경제

이천시 공무원이 땅만 사면 '개발'…수상한 대박,20210615,경제

동물들은 왜 배 터지게 먹지 않을까…한국 과학자들이 풀었다,20210615,경제

[뉴스체크｜경제] '노·노 갈등' 건보공단 이사장 단식,20210615,경제

전 기흥구청장도 '뇌물 의혹 업체'와 수상한 거래,20210616,경제

최대 1천원 올린 편의점 택배…그 돈은 누굴 위해 쓰나,20210616,경제

'신용카드 캐시백' 30만~40만원 한도…정부도 긍정적,20210616,경제

대학교 후미진 곳에서…'스티로폼 분해' 신규 미생물 2종 발견,20210616,경제

기사 없는 '로보택시' 선점 전쟁…현대차 구글·아마존에 '도전장',20210616,경제

코스피 사흘째 최고가 랠리…3278.68 마감,20210616,경제

"""3분기 카드 많이 쓰면 현금으로 환급""…카드 캐시백 추진",20210616,경제

코인빗 기습 상폐 공지…하룻밤 새 -90% '돈 삭제'됐다,20210616,경제

[뉴스체크｜경제] 추마코프 연구소 코로나 대응 컨퍼런스,20210616,경제

"""부실 코인 목록 내라"" 거래소에 '살생부' 요구…투자자 패닉",20210616,경제

'용인 개발 비리'…경기경찰 간부도 특혜 정황,20210617,경제

LH 강씨-장씨 검찰 송치…3월 짬짜미 의혹 그대로,20210617,경제

아워홈 창사 첫 적자에도…'보복운전' 구본성 배당금 300억,20210617,경제

코스닥지수 2개월만에 1000선 회복,20210617,경제

[뉴스체크｜경제] 이마트·네이버 이베이 인수 유력,20210617,경제

'신용카드 캐시백' 정부도 공감…30만~40만원 한도 거론,20210617,경제

"'더 작은' 기업으로 가는 노동자들…""계도기간 달라""",20210618,경제

"'52시간제' 앞두고…""워라밸 기대"" ""수당 줄어 걱정""",20210618,경제

1주택자 종부세 기준선 16억…양도세 비과세는 12억 추진,20210618,경제

"""윤리경영 밑바닥"" LH 경영평가 'D등급'…성과급 1/8로",20210618,경제

LH 경영평가 D등급…성과급 1000만원→130만원으로 쪼그라들 듯,20210618,경제

[뉴스체크｜경제] 성정 쌍방울 제치고 이스타항공 인수,20210618,경제

0% 무알콜 맥주도 미성년자는 못사…무알콜의 모든 것,20210619,경제

집값 떨어져도 '상위 2%' 들면 종부세 낸다…혼란 우려,20210619,경제

[3분경제] 손님-식당 '니즈'가 만나…'스마트 줄서기' 경제학,20210620,경제

"소비자들 ""기업의 책임 묻고 싶다""…번지는 '쿠팡 불매'",20210620,경제

"쿠팡 ""고 김동식 소방령 유족 평생 지원할 것…장학기금 설립""",20210620,경제

네이버도 '로켓배송'…CJ대한통운 손잡고 AI 물류센터 구축,20210620,경제

삼성디스플레이 창사 이래 첫 파업…노조 천막농성,20210621,경제

김범석 '면피성' 등기임원 사임?…쿠팡이 불붙인 논란,20210621,경제

분노한 소비자 '불매' 이어…판매자들도 '#쿠팡탈퇴' 동참,20210621,경제

'카드 캐시백' 윤곽…할부 3개월만 백화점 등 제외될 듯,20210621,경제

용인 개발비리 공무원·구청장·경찰·은행 직원까지 연루,20210621,경제

'바늘구멍' 마다않는 청약 열기…올해 통장 70만개 늘어,20210621,경제

여성 1인 가사노동 가치 연 1380만원…남성의  2.6배,20210621,경제

"3분기 전기요금 동결…""높은 물가상승률 우려""",20210621,경제

[뉴스체크｜경제] 육군복 원단 담합…3개사에 과징금,20210621,경제

"쿠팡 향한 시민들 '불매 운동'…""기업의 책임 묻겠다""",20210621,경제

별점테러에 쓰러져 숨진 점주…쿠팡 뒤늦은 '댓글 대책',20210622,경제

지난해 '가미카제' 이번엔 '욱일기'…못 거르는 쿠팡,20210622,경제

"종부세 상위2% 시뮬레이션 해보니…""비싼 집이 세금 더 많이 깎여""",20210622,경제

이번엔 쿠팡서 '욱일기 제품' 판매…반복되는 논란 왜?,20210622,경제

"""지하철서 이런 행동 안돼요"" 뽀로로가 안내하는 '열차 내 금지행위'",20210622,경제

'임금협상' 결렬…삼성디스플레이 창사 이래 첫 파업,20210622,경제

[뉴스체크｜경제] 전남 무안~김포 소형 항공기 취항,20210622,경제

덜 익은 복분자서 항암 후보물질…대장암 환자 대상 임상 2상,20210623,경제

"홍남기 ""전국민 재난지원금 생각 안 해…추경은 30조 초반""",20210623,경제

"홍남기 '전국민 재난지원금' 거부…""정부로선 생각하지 않는다""",20210623,경제

박근혜 내곡동 '압류 자택' 8월에 공매…감정가 31억대,20210623,경제

[뉴스체크｜경제] 신세계그룹 이베이 단독 인수 추진,20210623,경제

중 가상화폐 단속 강화…비트코인 한때 3만 달러선 붕괴,20210623,경제

추석 전 5차 재난지원금…'4인 가구 100만원' 가능성,20210624,경제

"""총수 일가 회사 부당지원""…삼성에 2349억 과징금",20210624,경제

신세계 이마트 3.4조원에 이베이코리아 지분 80% 인수,20210624,경제

코스피 사상 최고치 경신…3286.10 마감,20210624,경제

[뉴스체크｜경제] 코나EV 또 화재 발생…국토부 조사,20210624,경제

"공공기관 평가 무더기 오류…기획재정부 ""계산 실수""",20210625,경제

"""넷플릭스 망 사용료 내야""…SK 손 들어준 법원",20210625,경제

코스피 사상 최초 3300선 돌파…거침없는 상승세 왜?,20210625,경제

"이스타항공 1100억에 '성정' 품에…직원들 ""자금력 의문""",20210625,경제

"""한은 금리 인상 의지…경제 회복 실감하기는 어려운 상황""",20210625,경제

서울시 GTX 광화문역 포기…동대문·왕십리역은 추진,20210625,경제

1억도 인공태양 담는 진공용기…한국이 만든 '2번째 조각' 프랑스로,20210625,경제

코스피 처음 3300선 돌파…3개월 만에 300포인트 상승,20210625,경제

코스피 사상 처음 3300선 돌파,20210625,경제

[뉴스체크｜경제] '군산형 일자리' 첫 전기차 출고,20210625,경제

한은 총재 '올해 안' 기준금리 인상 예고…자영업자 이자 부담↑,20210625,경제

"돌연 상폐연기 코인 30배 폭등…""투자자 기만"" 분노",20210626,경제

식욕 더 돋는다? 제로칼로리 음료 '속' 들여다보니,20210626,경제

'미 수출 비중 30%인데'…반덤핑 관세에 타이어업계 '울상',20210626,경제

첫 배달 '5만원' 주는 이유?…채용은 안 하고 라이더 수 늘리려는 '배달앱 공룡',20210627,경제

"""부부공동은 1주택자 아냐""…상위 2% 종부세서 혜택 줄어드나",20210627,경제

가상화폐 거래소 무더기 폐쇄 '헌법소원·소송' 이어지나,20210627,경제

카드 더 쓰면 '10% 캐시백'…접종률 50% 넘으면 소비 쿠폰,20210628,경제

"""사원 목줄 잡아당기며 질책도""…네이버 '갑질' 증언",20210628,경제

비닐하우스처럼 꾸며놓고…농사 대신 '카페·교회 주차장',20210628,경제

농업법인 전수조사…절반 이상 '무늬만 농사꾼',20210628,경제

전국민 최대 30만 원 카드 캐시백…어디서 써야 할까?,20210628,경제

LH 매입임대비리 수사 경찰 29명 투입 8곳 압수수색,20210628,경제

"네이버 노조 ""사망사건 책임자 최인혁 모든 보직서 해임해야""",20210628,경제

법정 최고금리 24→20%…주 52시간제 5인 이상 기업으로,20210628,경제

[뉴스체크｜경제] 여행업계 2위 모두투어 희망퇴직,20210628,경제

7월부터 '4세대 실손보험'…의료쇼핑 땐 보험료 최대 4배,20210629,경제

"GTX-D 결국 강남 직결 무산…""용산까지 연장 검토""",20210629,경제

소상공인 5차 지원금 최대 900만원…저소득층은 '+10만원',20210629,경제

GTX-D 강남 직결 무산…달빛내륙철도는 막판 반영,20210629,경제

GTX-D 강남 직결 무산…달빛내륙철도는 4차 철도망 막판 반영,20210629,경제

[뉴스체크｜경제] 공항사용료 감면 연말까지 연장,20210629,경제

"서울 집값 17% 올랐다던 정부…""공시가만 86% 급등""",20210630,경제

"""백신 맞으면 무격리 사이판 여행""…'트래블 버블' 첫 협정",20210630,경제

촛불-실화 구분 10초 내 알림…지능형 화재 감지기 개발,20210630,경제

보이스피싱 30대는 '저리대출' 문자에 혹 한다...20대는?,20210630,경제

사업용차량 야간·주말에도 사고 접수…365일 24시간 공제 서비스,20210630,경제

평균 매매가 10억원…2년 새 서울 중소형 아파트 45% 올랐다,20210630,경제

살아난 해운업 나아갈 방향은?…문성혁 해수부 장관,20210630,경제

[뉴스체크｜경제] 9억 이하 1주택 재산세 감면,20210630,경제

소득 하위 80% 기준? 맞벌이는?…5차 지원금 '계산법',20210701,경제

코스닥 1035.64 마감…4월 연고점 경신,20210701,경제

아라온호 코로나 뚫고 북극으로…85일간 항해,20210701,경제

33조 '역대 최대'  추경…하위 80%에 1인당 25만원+α,20210701,경제

6월 수출 39.7%↑…상반기 사상 첫 3천억달러 돌파,20210701,경제

[뉴스체크｜경제] 한진 기업고객 택배 단가 인상,20210701,경제

코로나 시대…물가조사 대상에 '마스크·유산균' 추가,20210702,경제

몇 달째 '금란'에 햄·참치까지…고삐 풀린 밥상 물가,20210702,경제

초기 환자 분석했더니…코로나 바이러스 콧속에서만 증식,20210702,경제

6월 소비자물가 2.4%↑ 석달째 2%대…계란 54.9%↑,20210702,경제

[뉴스체크｜경제] 건보 고객센터 노조 3차 파업 돌입,20210702,경제

"'쿠폰' 뿌리는 날엔 동네 가게 휘청…""염라대왕 배달앱에 항의도 못해""",20210703,경제

7월에 결혼하면? 출산하면?…재난지원금 Q&amp;A,20210703,경제

중고차 '안 당하려면'? 이것만은 꼭 알고 가세요,20210703,경제

유엔무역개발회의 한국 지위 '개도국→선진국' 변경,20210703,경제

하이브·SM·JYP 전문 경영인 투입 등 격변하는 엔터테인먼트,20210703,경제

[똑똑! 경제] 코로나 전으로 가볼까…'메타버스'에 올라탄 일상,20210704,경제

"'감시의 눈' 없는 코인 시장…""사기꾼들 놀이터 됐다""",20210704,경제

"""페이퍼 코인으로 상장…모든 게 가짜"" 내부 폭로",20210704,경제

국민지원금 커트라인 중위소득 180% 유력 검토…자산가는 배제,20210704,경제

"한은 ""미 연준 금리인상 시점 2023년 하반기 의견이 다수""",20210704,경제

상반기에 수도권 아파트값 13% 올랐다…19년만에 최고,20210704,경제

"""우리도 생계 막막""…생업 끊긴 프리랜서 지원은?",20210705,경제

같이 사는 맞벌이는?…갈수록 꼬이는 지원금 선별 기준,20210705,경제

'최저가' 쓰면 다 갖는다…출혈경쟁 부추기는 쿠팡,20210705,경제

"대선 테마주 꼽히는 기업…하나같이 ""1도 관련 없다""",20210705,경제

개미들 울리는 '대선 테마주'…작전세력 실체 추적,20210705,경제

싸이월드 서비스 개시 2시간 30분 앞두고 또 한 달 미뤘다,20210705,경제

'부동산 전문가' 김현아 전 의원 SH 사장 내정,20210705,경제

"내년 최저임금은 얼마? 14개 중기단체 ""동결해야""",20210705,경제

"경실련 ""세종시 특공 당첨 공무원 평균 5억원 시세차익""",20210705,경제

오늘 6시 싸이월드 열린다…사진·동영상·도토리 확인 가능,20210705,경제

상반기 농·축·수산물 물가 30년 만에 최고…파 156% 급등｜아침&amp; 지금,20210705,경제

[뉴스체크｜경제] 상반기 수도권 아파트값 13% 상승,20210705,경제

감시의 눈 없는 코인판…사실상 감독기관들 손 놨나,20210705,경제

"""상장 뒤 100배 넘게 폭등…사기 코인"" 내부자의 폭로",20210705,경제

'이동식 분리대' 설치해 올림픽대로·강변북로 정체 푼다,20210706,경제

"""3기 신도시 사전청약 물량 적어…주택수요 분산 어려울 것""",20210706,경제

"'불가리스' 남양유업 8억 3000만원 과징금에 ""겸허히 수용""",20210706,경제

코스피 3305.21 마감…7일만에 사상 최고치 경신,20210706,경제

쿠팡 '아이템 위너' 허점?…소비자 선택 침해 지적,20210706,경제

[뉴스체크｜경제] '주택정책 비판' 김현아 SH사장 내정,20210706,경제

유학비인 척 400억을…김치 프리미엄 노린 '쪼개기 송금',20210707,경제

1만원 차이로 못 받아 '소득 역전'…재난지원금 논란,20210707,경제

"ESG 이어 뜨는 'RE100'…현대차 ""재생에너지로 공장 돌린다""",20210707,경제

코로나19 속 삼성전자·LG전자 2분기 '깜짝실적',20210707,경제

SM 두달새 주가 100% 급등…콘텐트 기업의 확장,20210707,경제

[뉴스체크｜경제] 최저임금 '24%인상 vs 동결' 평행선,20210707,경제

"2030 ""영끌해도 못 사""…대출규제 풀자 중저가 아파트값↑",20210708,경제

지자체장 농지 가봤더니…농사는커녕 투기 의혹까지,20210708,경제

토종 소셜미디어 '싸이월드 재개' 3번째 연기에 '뒷말',20210708,경제

[뉴스체크｜경제] 현대차 노조 파업 투표 '가결',20210708,경제

"패닉 빠진 골목식당…""어떻게 버티라는 거냐"" 호소",20210709,경제

백화점 감염 보고도…계열사는 2㎞ 옆에서 대형 행사,20210709,경제

비상 시기에…국민은행 직원 16명 '단체회식' 적발,20210709,경제

이 시국에 '치맥 단체회식' 하다 적발된 국민은행 직원들,20210709,경제

수도권·지방광역시·세종시 땅 사면 무조건 자금조달 신고해야,20210709,경제

서울 아파트 1년 반 만에 최고 상승…외곽지역 급등,20210709,경제

[뉴스체크｜경제] 다음달 사흘간 '택배 쉬는 날' 시행,20210709,경제

계속 뛰는 휘발윳값…3년 만에 최고치 서울 평균 1703원,20210710,경제

주유소 휘발윳값 10주 연속 상승세…서울 1700원 근접,20210710,경제

거침없이 오르는 주유소 휘발윳값…서울 1천700원 시대 '눈앞',20210710,경제

'태릉골프장 공급 축소 불가피' 인정한 국토부 장관,20210711,경제

서울서 1년간 아파트값 많이 오른 상위 3곳은 '노도강',20210711,경제

4단계 여파 국민지원금 다시 80%로?…더 두터운 피해지원론 부상,20210711,경제

"자영업자 보상금 증액 검토…""11월부터 월 40만원꼴""",20210712,경제

[똑똑! 경제] '전직원 재택' 길어지자  본사가 사라졌다,20210712,경제

[뉴스체크｜경제] 수도권 은행 영업시간 1시간 단축,20210712,경제

"""태릉 대체부지 협의""…노형욱 공급대책 실패 인정",20210712,경제

내년도 최저임금 '시간당 9160원'…노사 모두 반발,20210713,경제

"내년 최저임금 9160원…편의점주들 ""여력 없어"" 반발",20210713,경제

"홍남기 ""재정운용은 정치결정 따라가는 것 아냐…여당과 충돌""",20210713,경제

[뉴스체크｜경제] 재건축 조합원 2년 의무 거주 철회,20210713,경제

'손실보상금' 2배로 검토…11월부터 받을 수 있어,20210713,경제

[중국은 왜]  21조 '돈살포'도 안통했다…中 '반도체 굴기' 꺾이나,20210713,경제

한국서 운영했나…업비트 '수상한' 해외법인 수사 착수,20210714,경제

코인 조종 '마켓메이커' 존재했다…일부 거래소도 연루,20210714,경제

'내가 사면 떨어지는' 이유…'코인 조작' 배후 추적,20210714,경제

'대기인원 99999명'… 온라인으로 옮겨간 '스타벅스 대란',20210714,경제

재건축 기대감에…서울 노후 아파트값 상승률 신축의 2배 육박,20210714,경제

6월 취업자 58.2만명↑…4차 대유행 여파에 다음달은 '안갯속',20210714,경제

자율주행 시대 성큼…'부르면 온다' 세종시 로보셔틀,20210714,경제

[뉴스체크｜경제] 남아공 폭동에 LG·삼성 피해,20210714,경제

야놀자 손정의 비전펀드서 2조원 투자 유치,20210715,경제

진라면 등 오뚜기 라면값 13년 만에 오른다,20210715,경제

"한은총재 ""8월 금통위부터 통화정책 완화정도 조정 논의·검토""",20210715,경제

"""시세 60∼80% 맞나?""…3기 신도시 '고분양가' 논란",20210715,경제

6월 서울 주택값 0.79%↑…재건축 강세에 두달 연속 상승폭 커져,20210715,경제

한국은행 기준금리 0.5%로 동결…코로나 4차유행 영향,20210715,경제

한은 기준금리 0.5%로 동결…아직 '경기 회복'에 무게,20210715,경제

"오락가락 '실거주 2년'에 ""국가 상대로 소송하자""",20210715,경제

[뉴스체크｜경제] 한수원 신한울 1호기 첫 연료 장전,20210715,경제

공항 택배 속 '분청사기'…문화재 92점 밀반출 검거,20210615,사회

"""대마초 피웠다"" 자수해놓고…30km '환각 도주'",20210615,사회

"""외교 문제는 행정부 영역""…'한·일 관계' 판결문 비판",20210615,사회

강남 한복판 '폐업 모텔' 개조…방역 비웃는 유흥주점,20210615,사회

건보공단 '노노 갈등'…이사장은 중재 대신 단식 투쟁,20210615,사회

삶을 접고 생을 주다…연명치료 중단 3명에게 새 생명,20210615,사회

분만사고로 아이 잃은 산모…'명예훼손' 고소한 병원,20210615,사회

원룸 친구 2명 '살인 혐의' 구속…손목엔 '결박' 자국,20210615,사회

광주시청 등 추가 압수수색…공사 개입 의혹 '조폭 출신' 출국,20210615,사회

1차 접종 1300만명 넘어…정부 목표보다 보름 빨랐다,20210615,사회

군 병원서 백신 대신 '식염수 맹물 주사'…추적도 못 해,20210615,사회

"킨텍스 일대 개발 비리…이재명 ""경기도가 감사""",20210615,사회

"""과로사는 사회적 타살""…택배노동자 수천명 여의도 집회",20210615,사회

'공짜 노동' 분류작업 지옥…1월 '1차 합의' 이행 아직도,20210615,사회

"갑질 피해 경비노동자 ""그저 당하기만…동대표들도 가해자 무서워해""",20210615,사회

장소·상황 따라 다른 법원 판단…논란의 '주거침입',20210616,사회

불륜녀 집에 간 불륜남 주거침입?…대법원 공개변론,20210616,사회

"""한 손으로 영수증 줬다"" 폭행 40대 찾아내…경찰 소환 통보",20210616,사회

'실형 뒤 도주' 두산가 4세 박중원 2달 만에 검거,20210616,사회

수리 뒤 더 망가진 차 블랙박스 보니…'직원의 질주',20210616,사회

수리 맡겼더니 '악성코드' 심어…3억 넘게 뜯어냈다,20210616,사회

처음 본 여성 끌고가 '무차별 주먹질'…도망쳐도 쫓아와 폭행,20210616,사회

"5인 이상 손님 안 받았더니…""이 식당만 유난""",20210616,사회

'원룸 감금' 사망 전 '전치 6주 진단서'에도…무혐의 처리,20210616,사회

"""지옥 같아요"" 극단 선택 노동자…마지막 출근날 무슨 일이",20210616,사회

수협 직원 40명 몰려가 '해수관로' 무단 철거…무슨 일?,20210616,사회

"""구급차 없으니 택시 불러라""…응급환자 담보로 흥정도",20210616,사회

1명이 환자 담당 약품은 전시용…'사람 잡는' 사설구급차,20210616,사회

'깐풍기 갑질에 비자 청탁' 몽골대사…징계 2년째 없어,20210616,사회

'택배 과로사 대책' 일부 합의…내년부터 분류작업 제외,20210616,사회

가리왕산 복원 곤돌라는 남기기로…환경단체 반발,20210617,사회

'거센 화염' 이천 쿠팡물류센터 화재…건물 붕괴 우려도,20210617,사회

동거녀 아이들 학대하고 또…접근금지 어겨 '구속',20210617,사회

'환차익 투자' 가장한 불법 도박…투자금 1조 몰려,20210617,사회

장애인 구역 '불법 주차' 신고하자…'유독물질' 보복,20210617,사회

접종 후 '희귀 혈전증' 첫 사망 30대…초기 진단체계 '구멍',20210617,사회

'음주 폭행' 한화 3남 김동선…'승마 국가대표'로 도쿄행,20210617,사회

탯줄 자르는 '배꼽폐색기'…구미 친모 증명할 새 증거,20210617,사회

수억 뜯은 검사 출신 변호사…검찰 3년 반 끌다 기소,20210617,사회

"공수처장 ""윤석열 사건 선거 영향 없도록 처리하겠다""",20210617,사회

'수사종결권' 쥔 경찰은 부실 수사…허점 못 짚은 검찰,20210617,사회

상해죄 고소에 앙심…원룸에 가두고 34㎏ 될 때까지 학대,20210617,사회

이미 '감금' 상태인데…경찰 전화·문자로만 수사 끝내,20210617,사회

7월 한 달간 '교차접종' 허용키로…AZ+화이자 가능,20210617,사회

내달 50대 8월 40대 이하 접종…나는 언제 어떤 백신 맞나,20210617,사회

"""해삼 잡았다"" 관광객 해루질에…'어장 침범' 갈등",20210618,사회

4년 새 태산처럼 밀려온 바다쓰레기…처리는 우리 몫,20210618,사회

빗길에 충돌한 승용차…대학생 4명 숨지고 2명 중상,20210618,사회

'밥 안 먹는다'며 6살 다리 밟고 학대한 교사 징역 2년,20210618,사회

광주 8인 모임 부산 24시간 영업…'일상회복' 기지개,20210618,사회

우체국 택배 노사도 '합의'…내년부터 '분류작업 제외',20210618,사회

청년 노동자 이선호 씨 기리는 '촛불'…사고 2달 만에 장례,20210618,사회

"'젊은 정치' 뜨는데…정치 묻는 청소년엔 ""공부나 해""",20210618,사회

'감금 사망' 닷새 전부터 위급상태였는데 '알몸 방치',20210618,사회

일본 기업 손들어줬던 한국 법원…그걸 활용한 미쓰비시,20210618,사회

타는 물건 많고 탁 트인 물류창고…잊을 만하면 큰불,20210618,사회

"""늘 앞장서던 대장님 제발""…기적 바라는 구조대원들",20210618,사회

"쿠팡 물류센터 큰불 잡았지만…""완진까지 이틀 더 걸릴 듯""",20210618,사회

"가습기 살균제 피해자 ""정부 보상 별로 없어…'많이 받았다' 왜곡돼 상처""",20210618,사회

"'논문 대필 의혹' 검사 항소심...""예비심사 논문은 본질상 계획서""",20210618,사회

라이더 '폭주'로 몰아넣는…배달 앱의 '30분 배달',20210619,사회

"""굿하면 연인 되찾아""…젊은층 노린 황당 '유튜브 점집'",20210619,사회

8월부터 40대 이하 접종…어떤 백신 어떻게 맞나,20210619,사회

"빈소 찾은 동료들…""불 거셌지만 망설임 없이 들어가""",20210619,사회

"""화재 현장에 먼저 가던 분"" 동료들이 기억하는 김동식 대장",20210619,사회

입구 50m 앞두고…끝내 못 돌아온 김동식 구조대장,20210619,사회

"""30분이라도 뛰고 싶다"" 이봉주 굽었던 등 펴고 섰다",20210619,사회

집요했던 괴롭힘…'마포 감금살인' 여러번 막을 수 있었다,20210619,사회

코로나19 일상감염 지속…노래방-사무실-학교 등서 새 집단발병,20210619,사회

끝내 시신으로…쿠팡화재 현장서 실종 소방관 유해 발견,20210619,사회

"""용서 안하면 죽인다"" 강제추행 가해자...보복범죄 적용가능?",20210619,사회

실종 47시간 만에…쿠팡 물류센터 고립 소방관 숨진 채 발견,20210619,사회

"""사회에 숙제주고 간 아들 행복하길""…눈물 속 이선호씨 장례",20210619,사회

수사심의위 공군 강제추행 가해자 '구속 기소' 권고,20210619,사회

쑥 오른 '5년 생존율'…폐암 4기 환자 '되찾은 일상',20210620,사회

"""저 두 사람 불륜""…'사실' 말했는데 처벌이요?",20210620,사회

손정민 친구 측 변호인 '악성 댓글' 합의금 요구 논란,20210620,사회

쿠팡 물류센터 나흘째 잔불 진화…주민들 '분진 피해',20210620,사회

확진자 1천명 안 되면 2학기부터 모든 학생 '매일 등교',20210620,사회

7월부터 수도권 '6인 모임' 가능…식당은 밤 12시까지,20210620,사회

쿠팡 화재 현장 순직 구조대장 빈소 이틀째 추모 발길,20210620,사회

'쿠팡 물류센터 화재' 나흘째 진화…곳곳에 잔불,20210620,사회

신규 확진 429명…정부 '거리두기 개편안' 오늘 발표,20210620,사회

백신 1차접종자 누적 1천500만명 돌파…인구 대비 29.2%,20210620,사회

신규확진 429명 이틀째 400명대…누적 사망자 2천명 넘어서,20210620,사회

신규확진 이틀째 400명대…오늘 '거리두기 개편안' 발표,20210620,사회

쿠팡물류센터 화재 나흘째 진화 중…잔불정리 계속,20210620,사회

미 서부 54도 폭염 한국은 지각장마…모두 같은 이유?,20210621,사회

'상습체납' 차량 합동단속…첫날 1300만원 걷었다,20210621,사회

어선에 생선 대신 '담배 56만갑'…25억원어치 밀수,20210621,사회

새 단장한 물왕저수지…악취에 죽은 물고기 둥둥,20210621,사회

검찰 '직원 강제추행' 오거돈 전 시장 징역 7년 구형,20210621,사회

감금·가혹행위로 20㎏가량 줄어…'보복살인' 혐의 적용,20210621,사회

"재판서 ""증인 맞냐""…스쿨미투 피해자 노출시킨 법원",20210621,사회

떼인 돈 받겠다며…결혼식 축의금 가져간 제약사 2세,20210621,사회

불길서 끝내 못 나온 김동식 대장…동료들 눈물로 배웅,20210621,사회

백신 맞은 한국인 7월부턴 '무격리'로 이스라엘 간다,20210621,사회

'8인 모임 허용·무제한 영업' 광주광역시…기대 반 걱정 반,20210621,사회

"""쿠팡 김범석 중대재해처벌법 피하려 사임했다는 의심 지울 수 없어""",20210621,사회

학대행위 1100여건…경북 구미 어린이집 교사·원장 검찰 송치,20210621,사회

임성근 항소심 결심공판...양쪽 모두 끌고 온 '법관 독립',20210621,사회

'광주 붕괴 참사' 철거 공사 부실투성이…법 위반 49건,20210621,사회

논밭에 검은 덩어리…불난 물류센터 주변도 '잿더미',20210622,사회

차별금지법 국민 77%가 반대?…조사방식 보니,20210622,사회

아직도 이런 일이…다른 개들 앞에서 '잔인한 도축',20210622,사회

"""테슬라 결함 알고도 팔았다""…시민단체 머스크 고발",20210622,사회

1년지기 여대 동기의 '수상한 요구'…알고 보니 남자,20210622,사회

"잔여백신 예약에 '매크로' 등장…당국 ""차단책 마련 중""",20210622,사회

"""시간 지나도 사고 순간 또렷"" 일터의 죽음 목격자의 고통",20210622,사회

'유물 묻힌 땅' 알고도 팔더니…수억 사용료 낼 처지,20210622,사회

"물류시설 화재 도돌이표…이천시 ""차라리 감독권한 달라""",20210622,사회

"""화재 제보하자 양치기 소년 된다며 묵살"" 쿠팡 내부 폭로",20210622,사회

"윤석열 장모 '주가조작 연루' 의혹에도 ""정치공작 의심""",20210622,사회

"""쿠팡이츠 환불 규정 재정비·업주 대응권 강화해야""",20210622,사회

"""'스쿨미투' 피해자 신상 노출한 검사·판사 징계하라""",20210622,사회

"""사건 무마해줄 테니 벤츠 좀""…현직 경찰관 징역 12년 구형",20210622,사회

"이상직 '옥중 수당' 2천여만원…""관련법 개정하라""",20210622,사회

교묘한 불법촬영…숨은 렌즈 찾는 실험해보니,20210623,사회

빨간불에 건너다 차 사고 나면…100% '킥보드 책임',20210623,사회

'선거법 위반' 민주당 이규민 의원 2심서 당선무효형,20210623,사회

주행 도중 바퀴 빠진 BMW…정비사가 볼트 조임 실수,20210623,사회

"책임 미루다 더 망가진 '폐기물산'…""30년 넘게 치워야""",20210623,사회

온몸에 멍자국…13살 딸 때려 숨지게 한 의붓어머니,20210623,사회

남성 미성년자 성착취물 6954개…26세 최찬욱 신상 공개,20210623,사회

조선일보 성매매 기사에 '조국 부녀' 삽화…비판 봇물,20210623,사회

조국 비공개 소환…'김학의 불법 출금' 개입 여부 조사,20210623,사회

연희동→고양 거절하자 '정지'…쿠팡이츠 단건 배달 이면엔,20210623,사회

강제 근거 없는데…노동자 휴대전화 반입 막는 쿠팡,20210623,사회

"영업사원이 대리 수술해도 CCTV 없으면 ""증거 있나""",20210623,사회

앞 건물 공사에 '피사의 사탑' 된 빌라 무슨 일이?,20210623,사회

"""집도의가 메스 집어던지고 폭언""…공포의 수술실",20210623,사회

'델타 변이' 백신으로 막을 수 있나…11월 집단면역 영향은?,20210623,사회

마스크 벗겨질 정도로 5살 때린 어린이집 교사 징역 3년,20210624,사회

"조주빈처럼…'아동 성착취물' 최찬욱도 ""구해주셔서 감사""",20210624,사회

"""수술실 CCTV로 의사-환자 불신? 더 큰 신뢰 보내""",20210624,사회

특공대까지 투입된 '파출소 검정 물체'…모조 폭발물 판명,20210624,사회

"비리로 곪은 사설구급차…""이제는 사람 살리고 싶다""",20210624,사회

범죄 기사에 '문 대통령 삽화' 쓴 조선일보…또 사과,20210624,사회

"'스콜 닮은' 요란한 소나기…""진짜 장마는 내달 온다""",20210624,사회

"수술실 CCTV 단 병원 가보니…""의사 위축이요? 전혀요""",20210624,사회

"더 강해지는 '변이'…방역당국 ""백신 부스터샷 검토""",20210624,사회

'광주 붕괴 참사' 이면계약 있었다…현장 곳곳 부실 흔적,20210624,사회

소방호스조차 없는 곳도…물류창고 3곳 중 1곳 '불량',20210624,사회

"""노동자 괴물도 양치기소년도 아냐""…목소리 낸 쿠팡 노조",20210624,사회

"""대구 사투리 쓴다고""…코로나가 만든 또 다른 차별",20210624,사회

'비폭력 신념' 입대 거부 무죄…여호와의증인 아닌 첫 사례,20210624,사회

"'풍등 화재' 이주 노동자 ""한국 사람들이 많이 도와줘…잊지 않을 것""",20210624,사회

한 달 20만원 턱밑…삶의 끝자락 폐지 줍는 노인들,20210625,사회

저긴 장대비 여긴 쨍쨍…같은 서울 '다른 날씨' 왜?,20210625,사회

'5·18 북한군 김명국 추적'…이달의 좋은 보도상 수상,20210625,사회

1년 전 숨진 두 딸…형 줄이려는 범인과 싸우는 아버지,20210625,사회

"""죄 밝혀달라"" 마지막 외침…고 최숙현 선수 1주기",20210625,사회

"직원 극단 선택에 네이버 COO 사임…노조 ""꼬리 자르기""",20210625,사회

"'톡 쏘는 명물' 오색약수가 말랐다?…주민 ""호텔 온천 탓""",20210625,사회

"""이젠 기회 없다""…'마지막 의경 시험' 지원자들 구슬땀",20210625,사회

검찰 '정권수사팀' 물갈이…현 정부 법무부 출신은 영전,20210625,사회

"조국 딸 증인 출석 ""부모님 기소된 법정…모든 증언 거부""",20210625,사회

'9월까지 집단면역 달성'…백신 물량-접종 속도에 달렸다,20210625,사회

"한 달 반 당겨진 '집단면역 시간표'…""9월 완료""",20210625,사회

가명 뒤에 숨었지만...검찰·법원이 노출한 '스쿨미투 피해자' 신상,20210625,사회

"민경욱 김창룡에 ""개떼 두목""…모욕 혐의 검찰 송치",20210625,사회

"""대소변도 먹여""…'8살 딸 살해' 친모·계부 징역 30년 구형",20210625,사회

쿠팡 '발화' 당시 CCTV…불길 번져도 스프링클러 잠잠,20210626,사회

'실종 닷새째' 서현고 3학년 김휘성…정류장쪽 마지막 모습,20210626,사회

이번엔 부산 조선소 화장실…'가스 중독' 2명 사상,20210626,사회

'원어민 강사 모임' 집단감염 확산…늑장 검사에 거짓말까지,20210626,사회

해외유입 11개월 만에 최다…퍼지는 '델타 변이' 우려,20210626,사회

직장·주점 등서 새 감염…원어민강사발 집단발병 총 75명,20210626,사회

"""서현고 3학년 김휘성 군을 찾습니다""…5일째 행방불명",20210626,사회

"나흘 연속 600명대…""델타 변이 최소 85개국 확산""",20210626,사회

7월 인원제한 사라질까?,20210626,사회

해외유입 급증세…전세계 '델타 변이' 유행속 국내도 확산 우려,20210626,사회

교통사고 내고 그대로 도주…잡고 보니 현직 경찰관,20210626,사회

쿠팡 물류센터 CCTV 공개…불길 번지는데 스프링클러 작동 안해,20210626,사회

신규 668명 국내 611명·해외유입 57명…4일 연속 600명대 확진,20210626,사회

'곤충 분말'로 만든 빵·떡갈비…식탁 오르는 '미래 식량',20210627,사회

30일 2G 종료…남은 29만개 '01X' 번호는?,20210627,사회

김휘성군 실종 엿새째…헬기·드론 동원해 분당 일대 수색,20210627,사회

"""나도 모르게 내 집이 경매에""…건설업자는 되레 으름장",20210627,사회

"'거짓말 강사' 학원생 5명도 확진…성남시 ""수사 의뢰""",20210627,사회

7월부터 새 거리두기…수도권 2단계 비수도권 1단계,20210627,사회

백신 접종했다면 모임·행사에 제한없이 참석…집회는 안돼,20210627,사회

7월부터 수도권 6명 충남-제주외 비수도권은 8명까지 모임 가능,20210627,사회

엉킨 타우단백질을 청소하는 효소 발견…치매 새 치료법 열리나,20210627,사회

성남 서현고 김휘성군 실종 엿새째…경찰 수색 범위 확대,20210627,사회

닷새째 600명대…오늘 새로운 '거리두기 단계' 발표,20210627,사회

심상치 않은 주말 600명대 확진...다음달 거리두기 단계는?,20210627,사회

신규확진 614명 닷새 연속 600명대…주말에도 확산세 지속,20210627,사회

39년 만에 가장 '늦은 장마'…내달 2일부터 본격 시작,20210628,사회

'5·18 북한군 김명국 추적'…이달의 방송기자상 수상,20210628,사회

'성추행 과외교사' 파견업체…피해보상은 '외면',20210628,사회

'대필보고서'로 입상·수시 합격…학생·학부모 무더기 기소,20210628,사회

피해액 1조4700억…'대포통장 유통' 최대 조직 검거,20210628,사회

가짜 팔거나 몰래 팔거나…46억대 '석유 불법유통' 덜미,20210628,사회

죽은 소나무 수백 그루…기둥에 구멍 뚫고 '제초제 테러',20210628,사회

도박사이트 수익으로 '아파트 쇼핑'…21억 시세차익,20210628,사회

"실종 김휘성 군 숨진 채 발견…""타살 정황 없어""",20210628,사회

"119 대원에 ""집 데려다달라""…한밤 '취객 추태'",20210628,사회

'어학원발 확진' 술집 방역 걸리고도 문 열었다,20210628,사회

피의자 사망 '수사 종결' 논란…법안은 1년째 제자리,20210628,사회

경찰 현직 부장검사 사무실 압수수색…고가시계 의혹,20210628,사회

"로펌 성폭력 피해자 ""억울함 못 풀고 2차 가해 내몰려""",20210628,사회

54억 '수상한 대출'…경찰 김기표 전 비서관 내사 착수,20210628,사회

'마약 혐의' 삼성 임원 기소…박지원 국정원장 맏사위,20210629,사회

도심에 '드론 테러' 벌어진다면?…민관군 합동 대응훈련,20210629,사회

'치맥 금지구역' 생길까…미국선 술병만 들고 걸어도 처벌,20210629,사회

흉악범 40% '술 취해 범행'…그럼에도 술에 관대한 한국,20210629,사회

'프로포폴 불법투약' 혐의…이재용 정식 재판 받는다,20210629,사회

"'AI 경로'대로 배달 가보니…""오래 걸리고 위험도 더 커""",20210629,사회

"수도권 2주간 방역 고삐…""상황 악화되면 계속 마스크""",20210629,사회

7월부터 백신 접종자 신분증에 붙이는 '스티커' 발급,20210629,사회

김구기념관에 일본 장비…업체 주주 명단엔 '미쓰비시',20210629,사회

수험생에 백신 놔준다니…1분 만에 모의평가 접수 마감,20210629,사회

"""오거돈 권력에 의한 성폭력""…1심 징역 3년 법정구속",20210629,사회

"""유산 1천억 슈퍼카 있다""…출소 뒤 포항 재력가 행세",20210629,사회

김 회장 회사 가보니 '가정집'…유령 명함도 수두룩,20210629,사회

부장검사 수사에 '이동훈' 이름 등장…금품 준 회장과 친분,20210629,사회

10년 간 여성인 척 영상통화…'제2의 n번방' 김영준 재판에,20210629,사회

'사모펀드 의혹' 조범동 징역 4년…정경심 공모는 무죄,20210630,사회

영정 사진도 없이…한 해 3천명 '무연고 사망',20210630,사회

조국 '삽화 논란' 10억 소송…조선일보 세 번째 사과,20210630,사회

쨍하다 갑자기 장대비…우리나라 하늘에 무슨 일이?,20210630,사회

1층 통유리가 난데없이 '펑'…상가 건물 지하서 가스폭발,20210630,사회

"'쇠줄 학대' 창녕 부모 형량 늘어…법원 ""납득 어려운 변명""",20210630,사회

이 중사 '성추행' 빼고 '단순 사망' 보고…은폐 문서 공개,20210630,사회

상사 괴롭힘에 숨져도…27세 캐디는 보호받지 못했다,20210630,사회

"""외부 판단 받아야""…김오수 백운규 수사심의위 소집",20210630,사회

'유력인사 친분' 과시 100억대 사기꾼으로…김 회장 실체는,20210630,사회

검찰 '월성원전 조기 폐쇄' 백운규·채희봉·정재훈 기소,20210630,사회

김 회장 휴대전화서 '금품 전달' 흔적…유력 인사들 나와,20210630,사회

대구 마트서 무더기 확진…다녀간 시민들 '긴 검사줄',20210630,사회

"""장사 준비 다 해놨는데…"" 상인들 거리두기 연장에 허탈",20210630,사회

원어민 강사발 집단감염서 '델타 변이' 최소 9건 확인,20210630,사회

"현장 경험 10년에도…실력 안 묻고 ""학교 어디 나왔어?""",20210701,사회

"""민노총 탈퇴하고 한노총으로""…직원에 강요 의혹",20210701,사회

이주노동자에게 건보 특혜?…차별이 만든 가짜뉴스,20210701,사회

"""김학의 불법출금 주도""…이광철 청와대 민정비서관 기소",20210701,사회

13살 딸 때려 숨지게 한 의붓어머니…'정인이법' 첫 적용,20210701,사회

"""올린 가격대로 쳐준다"" 신종 중고차 사기…2억 가로채",20210701,사회

개가 땅 팠다는 이유로…'벽돌' 던지고 마구 때린 목사,20210701,사회

"접종자는 '노마스크' 산책…""남 위해서라도 계속 쓸래요""",20210701,사회

이달 말에야 50대 접종 시작…'델타 변이' 차단 어떻게?,20210701,사회

인원·영업 제한 풀린 비수도권…지역별 다른 기준은 우려,20210701,사회

5차 유행 경고에도…'밤 10시 땡' 길거리는 만석,20210701,사회

서울·광주 등 올해 첫 폭염주의보…3일부터 장마 시작,20210701,사회

수상한 파밭의 실체…2.5m 아래 '폐기물 웅덩이',20210701,사회

부장검사에 '500만원대 시계' 등 금품…자녀 학원비까지?,20210701,사회

100억대 사기꾼 '김 회장'에 김무성 친형도 80억 피해,20210701,사회

'턱스크' 위험 밝혀졌다…코로나 초기 '콧속 감염·증식',20210702,사회

"코로나가 바꾼 풍경…""민사소송 영상 재판 확대를""",20210702,사회

"학교·직장서 ""불편"" ""혐오""…말 못 하는 성소수자들",20210702,사회

믿었던 선임 중사의 배신…'성추행 핵심증거'까지 삭제,20210702,사회

코인 미끼로 '다단계 사기'…3만명 노후자금 끌어모아,20210702,사회

술 취한 채 아찔한 '1㎞ 역주행'…막 나가는 음주운전,20210702,사회

30도 폭염 가고 3일부터 '지각 장마'…전국 강풍·폭우,20210702,사회

'하준이법' 1년…경사로 고임목은 여전히 없었다,20210702,사회

"감염재생산수 1.2…""이대로면 하루 1천명 확진 나올 수도""",20210702,사회

모든 방역지표가 '빨간불'…'델타 변이' 전국에 퍼졌다,20210702,사회

"4년 전 '각서' 이번엔 범죄 증거로…법원 ""죄질 매우 불량""",20210702,사회

"""정의는 살아 있다"" vs ""윤석열 파이팅"" 갈라진 법원 앞",20210702,사회

'요양급여 22억 편취' 윤석열 장모 징역 3년 법정구속,20210702,사회

"""미 정보국 UFO 첫 인정…대전·대구 등 국내 발견 사례도""",20210702,사회

2기 진화위 '고성 납북어부 간첩조작 의혹 사건' 등 조사 개시,20210702,사회

음악 나올 때마다 쇠창살 자른 신창원…'탈옥 뒷이야기',20210703,사회

벌써 장마철인데…기울어져 1년 방치된 10층 건물 왜,20210703,사회

"하룻밤 강요받다 숨진 오 대위 아버지...""내 딸 죽음과 어찌 이리 똑같아""ㅣ한민용의 오픈마이크",20210703,사회

'강풍 동반' 장마 상륙…4일까지 최대 150㎜ 장대비,20210703,사회

"민주노총 집회 강행…""일터에서의 죽음이 더 두렵다""",20210703,사회

또 방역 흔든 거짓말…'하루 확진자 1천 명' 경고등,20210703,사회

"민주노총 장소 바꿔서 집회 강행…경찰 ""주최자 수사 착수""",20210703,사회

민주노총 8천명 서울 종로서 기습 시위…긴장감 고조,20210703,사회

비극이 된 야유회…장난으로 동료 밀쳤다가 강물에 익사,20210703,사회

백신 1차접종 1천534만5천293명 29.9%…잔여백신 183만여회분,20210703,사회

사흘간 백신 이상반응 4천821건↑…사망 16명↑ 인과성 미확인,20210703,사회

'윤석렬 X파일' 예시…전북 고교 시험 문제 '정치 편향' 논란,20210703,사회

"국내 신규 794명 확진…""델타 변이 약 100개국서 확인""",20210703,사회

음악방송 때마다 톱질한 신창원 치밀했던 도주사건 뒷이야기,20210703,사회

변이 막을 백신 개발 '관문'…국가영장류센터는 지금,20210704,사회

"""GTX-D 강남 직결 외면당해""…'경적' 울린 김포시민들",20210704,사회

김오수 검찰총장 아들 '부정채용 의혹' 경찰조사,20210704,사회

보이스피싱 전달책 잡았다면…뺏긴 돈 '찾는 법',20210704,사회

빌라 지하실 문 열자 '성매매업소'…예약제로 은밀 영업,20210704,사회

화이자 잔여분 처음 풀린다…하반기도 '예약 전쟁',20210704,사회

백신 접종자도 실내·외 '마스크 착용'…수도권 방역 강화,20210704,사회

"모레부터 다시 전국 장맛비…""이번주 내내 퍼붓는다""",20210704,사회

지붕 날아가고 유리 깨지고…태풍급 장마에 피해 속출,20210704,사회

"""델타변이 무서워""…재확산 공포에 '여행 취소' 잇따라",20210704,사회

서울 인구 15만여 명 줄어…5년 만에 최대폭 감소,20210704,사회

문·이과 통합 첫 수능 11월 18일 시행…마스크 필수,20210704,사회

신규 확진 743명 토요일 기준 최다…새 거리두기 어려울 듯,20210704,사회

주말인데도 신규 확진자 700명대...'새 거리두기' 어려울 듯,20210704,사회

광주 재판 안 나간 전두환 뒷짐 지고 골목길 산책,20210705,사회

"""불법체류 아냐?"" 모욕에도…따질 곳 없는 '인종차별'",20210705,사회

무허가 그물로 치어까지 '싹쓸이'…물속 전기충격도,20210705,사회

물 샌 제주삼다수…직원 6명이 짜고 빼돌린 수천 병,20210705,사회

"접종 노린 가짜 수험생 몰리자 ""온라인 응시 무제한""",20210705,사회

5m 거리 13분 겹쳤는데 '델타 감염'…에어컨 전파 추정,20210705,사회

꼬여버린 일상 회복…'4인 모임-밤 10시' 유지될 듯,20210705,사회

청와대가 보냈다며 '가짜 편지'도 버젓이 집에 전시,20210705,사회

100억대 사기범 김무성·부장검사 등에 '옥중 편지',20210705,사회

"델타 변이 416명 확인…방역당국 ""수도권 유행 비수도권 확산 위험""",20210705,사회

백신 접종자 검사지침 완화…밀접접촉 진단검사 3회→1회,20210705,사회

"""불전함 통째로 사라졌다""…보름 만에 전국 31곳 사찰 턴 일당",20210705,사회

"서울 유흥업소 불법영업 집중단속…""주말 사이 127명 적발""",20210705,사회

"4살 때 실종 뒤 헤어진 가족 62년 만 극적 상봉 ""날마다 기도했다""",20210705,사회

'금주구역' 추진 중인 서울시…온라인 시민 토론에 '귀 쫑긋',20210705,사회

공인중개사 합격하면 수강료 환급? 700명 몇달째 분통,20210706,사회

"""아내가 아파도 출국 못 해""…난민에게 유독 '엄한 잣대'",20210706,사회

6개월만에 다시 1천명대 확진…거리두기 격상 불가피,20210706,사회

고액체납자 집 수색했더니…돈뭉치·명품가방 '우르르',20210706,사회

"""고 김홍영 검사 폭행 모두 유죄""…선배 검사 1심 실형",20210706,사회

"가짜 수산업자 ""독방으로 옮겨주고 영치금 넣어라""",20210706,사회

7일 남부지방에 또다시 거센 장맛비…최고 200㎜ 예상,20210706,사회

103㎜ 폭우에 계곡처럼 잠긴 시장…익산 상가 200곳 침수,20210706,사회

광양 폭우로 산사태…흙더미 갇힌 80대 구조했지만 숨져,20210706,사회

"심야 한강공원 단속에도 ""이것까지만 마실게요""",20210706,사회

학원 강사도 '우선접종 대상'…이스라엘 화이자 물량 투입,20210706,사회

오후 6시까지 1천명 넘었다…수도권 중심 거센 확산세,20210706,사회

"인천 미추홀구 초교 26명 집단감염…""델타변이 검사 중""",20210706,사회

'소급 파면 가능'vs'위헌'…임성근 탄핵심판 다음달 최종변론,20210706,사회

"대낮에 만취운전하다 요금소 '쾅'…""운전자 외 부상자 없어""",20210706,사회

현대제철 자회사 설립해 하청노동자 7천여 명 '정규직 채용',20210707,사회

고양시 건설비리 의혹…설립 자본금 150원 '유령투자사',20210707,사회

같은 지진 충격에도…건물 '설계의 차이'가 만든 장면,20210707,사회

공원서 심정지로 '털썩'…퇴근길 소방관이 심폐소생술로 살려,20210707,사회

1년 전 폭우 휩쓴 곳엔…여전한 '쇠파이프' 임시 다리,20210707,사회

"혼잣말 발달장애인에 ""외국인이냐""…뒷수갑 채워 체포",20210707,사회

밭 챙기러 간 80대 숨진 채 발견…'500㎜ 폭우' 피해 속출,20210707,사회

"청소노동자에 ""건물 이름 한자 써 봐라""…'서울대 갑질' 폭로",20210707,사회

장기출혈로 숨진 13살…학대 'SOS' 수차례 보냈지만,20210707,사회

"'포르쉐 의혹' 박영수 특검 사의 표명 ""논란 야기 사과""",20210707,사회

"법정 선 '가짜 수산업자'…""게이트 아닌 사기사건"" 주장",20210707,사회

사실상 '외출 금지'…4단계 격상 땐 무엇이 달라지나,20210707,사회

고강도 방역대책 쏟아냈지만…접종자 혜택은 유지?,20210707,사회

"'4인-밤 10시' 일주일 더…""확산세 안 잡히면 바로 4단계""",20210707,사회

700명→1200명 확진자 '폭발적 증가' 왜,20210707,사회

"글 모르는 청소노동자에 ""반성문 써라""…또 다른 '갑질'",20210708,사회

12시간 때려 직원 사망…사설구급대 대표 징역 18년,20210708,사회

하수관 막은 공사자재…복구한 익산 상가 또 침수,20210708,사회

정경심 PC 숨겨준 자산관리인…'증거은닉' 유죄 확정,20210708,사회

"박범계 ""검찰 스폰서문화 조사하라""…감찰수준 지시",20210708,사회

후각·미각 소실만? '델타 변이 증상' 무엇이 다른가,20210708,사회

"""5명 출입 안 된다"" 거절하자 쇠막대 휘두르고 폭행",20210708,사회

원격수업 가나…등교 땐 감염 걱정 안 가면 돌봄 문제,20210708,사회

16만명 대기했는데…교직원 접종 예약시스템 '먹통',20210708,사회

하루 3번 10분씩 '자연 환기' 필수…에어컨 켰을 땐?,20210708,사회

'백화점발 감염' 불안한 강남…검사 대기줄만 수백미터,20210708,사회

"""방역수칙 지키면 되지 않나""…저녁 되자 2030 북적",20210708,사회

서울 생활치료센터 '포화상태'…확진자들 다른 곳으로,20210708,사회

'폭발적 확산' 수도권만 1천명 육박…지역 전파도 비상,20210708,사회

"""수도권 확산세 안정이 우선…교류 많은 지역 선제적 격상 필요""",20210708,사회

철창 갇힌 채 감전사…'먹히기 위해' 죽어가는 개들,20210709,사회

"'조주빈 공범' 형량 높였지만…2심 재판부 ""피해자 허락 고려""",20210709,사회

'택배 과로사·광주 붕괴' 중대재해법 적용 안 된다,20210709,사회

김건희 논문 취재하며 '경찰 사칭'…MBC 사과,20210709,사회

"""지위 이용해 청소년을""…'성폭력 목사' 징역 7년 선고",20210709,사회

아이스박스서 20개월 여아 시신…엄마 체포 아빠는 도주,20210709,사회

만취 포르쉐 인도로 돌진…튕겨나간 바퀴에 '쾅쾅',20210709,사회

원룸 감금 내내 굶기다…'종이컵'에 음식 주며 고문,20210709,사회

백신이 '델타변이' 막아줄 수 있나…우리나라 접종률은,20210709,사회

'와도 고민 안 와도 고민' 문 여는 해수욕장 대책은?,20210709,사회

"""감당이 안 되는 상태""…의료진도 시민도 더위와 사투",20210709,사회

단속반 사라지면 딴 세상…10대까지 '몰래 술판',20210709,사회

식품창고가 '감염 출발점'…백화점발 확진 100명 육박,20210709,사회

'4단계' 되면 뭐가 달라지나?…'사적 모임' 상세풀이,20210709,사회

정부 '한국판 셧다운' 꺼냈다…내주부터 4단계 초강수,20210709,사회

한강 막았더니 아파트 놀이터에 숨은 음주족들,20210710,사회

아이스박스 '여아 시신'에 학대 정황…경찰 도망간 아빠 추적,20210710,사회

강변북로 화물차 끼임…수원선 실외기 발화 추정 불,20210710,사회

지구촌 곳곳 통금…델타변이 공포에 봉쇄령,20210710,사회

"""평소엔 북적북적했는데""…'4단계 직전' 주말 밤거리는",20210710,사회

"'2030 완치자' 하나같이 ""안심은 금물…경각심 높일 때""",20210710,사회

'델타 변이' 우려에도 '불금' 청년들은…2030 거리 가보니,20210710,사회

철창에 구겨진 채 도살되는 개들...어디까지 허용되야 하나,20210710,사회

"서울대 학생처장 ""피해자 코스프레 역겹다"" SNS 글 논란",20210710,사회

39일 만에 '부실수사 몸통' 공군 법무실장 첫 소환 조사,20210710,사회

이 와중에 스타벅스코리아 단체회식…확진자 나와,20210710,사회

강남 유흥업소 50여 명 술판…'몰래 운영' 현장 적발,20210710,사회

또 '역대 최다 확진'…백화점·음식점 등 안전한 곳이 없다,20210710,사회

결혼 3개월 임신 초기였는데…노르딕스키 간판 서보라미 별세,20210710,사회

거리두기 4단계 앞둔 수도권 '한산'…유명 해수욕장은 '북적',20210710,사회

'반려견=물건' 민법 손본다…예상되는 변화는?,20210711,사회

'선수 확진' 프로야구 비상…잠실·고척 2경기 취소｜뉴스브리핑,20210711,사회

100명 넘는 노숙인 확진자 찾아낸 '친절한 박 경위',20210711,사회

12일부터 55~59세 백신예약…입영 예정자 화이자 접종,20210711,사회

배달업체 사장 라이더 집까지 쫓아가 '몽둥이 폭행',20210711,사회

71명 묵던 보령 펜션 '큰불'…4개 동에서 불기둥,20210711,사회

하루 7만여 명 검사…주말에도 쉼 없는 시민 발길,20210711,사회

"주말 역대 최다 확진…""델타변이 알파보다 많아졌다""",20210711,사회

수도권 거리두기 4단계 격상에 따른 소상공인 손실도 보상받는다,20210711,사회

'검찰 수사관행 감찰' 이번주 발표…수사관행 개선안 마련,20210711,사회

전국서 신규 집단감염 속출…감염경로 '조사중' 30.7% 최고치,20210711,사회

모더나 백신 4차 물량 39만6천회분 도착…55∼59세 접종에 사용,20210711,사회

"수도권 골목상권 '깊은 한숨'…""어떻게 살아야 할지 막막""",20210711,사회

신규 확진 1324명…내일부터 수도권 거리두기 '4단계',20210711,사회

가짜 수산업자 '금품 의혹'…검찰 간부 첫 소환조사,20210712,사회

"노점 갈등에 도로 한복판 '울타리'…""버스도 못 타""",20210712,사회

검찰 정경심 '입시비리·사모펀드' 항소심에서도 징역 7년 구형,20210712,사회

"""역겹다"" 서울대 학생처장 물러나며 한 말도 논란",20210712,사회

숨진 20개월 아이 몸 곳곳 '골절'…달아난 아빠 붙잡혀,20210712,사회

대낮 '편의점 강도'…30분 만에 잡은 '경찰의 기지',20210712,사회

'청와대 선거개입 의혹' 재판서 공개된 '수사팀 수첩',20210712,사회

대구 34도 폭염…코로나 속 '잠 못 드는' 열대야 시작,20210712,사회

'김건희 논문 표절 의혹' 국민대 기준으로 분석하니…,20210712,사회

백신 사전예약 또 '먹통'…물량 부족해 그마저도 중단,20210712,사회

결혼식 49명인데 콘서트는 5000명? 방역 지침 논란,20210712,사회

"4단계 잘 지키면…""4주 뒤 확진자 400명대도 가능""",20210712,사회

'풍선효과'에 휴가철까지 겹쳐…수도권발 전국 확산,20210712,사회

수도권 남은 병상은 1600여 개뿐…사실상 '포화 상태',20210712,사회

"4단계 첫날 썰렁한 식당가…""IMF 때도 이보다는 나았다""",20210712,사회

"의령서 경비행기 추락해 2명 사망…""굉음 내며 흔들렸다""",20210713,사회

생명 앗아간 '살인 악취'…음식물쓰레기 저장소 참변,20210713,사회

"셋째 출산 뒤 ""억울한 죽음"" 호소…피해 산모 남편",20210713,사회

20대 남성 '길동역 방화'…40분간 아무도 몰랐다,20210713,사회

제왕절개 뒤 숨진 산모…'과다 출혈' 의료과실 논란,20210713,사회

"'금품 혐의' 이동훈 전 논설위원 소환조사…""여권의 공작""",20210713,사회

함바왕 유상봉 전자발찌 끊고 잠적…검찰 추적 중,20210713,사회

"""명품·슈퍼카 팔아 합의금""…'감형' 노린 가짜 수산업자",20210713,사회

"한반도 열돔…""2018년 최악 폭염 때보다 더 더울 수도""",20210713,사회

사람들로 붐비고 넘쳐나고…귀갓길 '불안한 탑승',20210713,사회

'짝퉁'이란 이유로…골프채 받은 판사 '감봉 3개월',20210713,사회

또 터진 집단감염…우리은행 본사서 확진자 8명 발생,20210713,사회

"비수도권 도미노 격상…""4차 유행 안전지대는 없다""",20210713,사회

수도권 확진자 천안까지 내려가야…병상 부족도 확산,20210713,사회

장바구니엔 1억9천만회분 있는데 배송은 11%뿐…왜?,20210713,사회

공공기관 소셜미디어 사고…'어디까지가 실수'?,20210714,사회

"'싸이월드 코인 투자' 신종 사기…""수십억대 피해""",20210714,사회

주민들 반대에…낡은 장애인시설서 '끝 모를 기다림',20210714,사회

이 시국에도 '노래방 술판'…숨어있던 도우미 우르르,20210714,사회

저녁 8시 땡 '백신 예약문' 다시 열렸지만…이번에도 '먹통',20210714,사회

'목 조르고 추행' 영상 퍼지자 재수사…근처 CCTV엔,20210714,사회

"""아이 울음소리 짜증""…이불로 덮어 수십 차례 때려",20210714,사회

"""수사유출 엄단"" 말했지만…줄줄 새는 '윤석열 수사'",20210714,사회

"'한명숙 사건' 감찰한 법무부 ""검찰 제 식구 감싸기""",20210714,사회

청소노동자 사망 열흘 전 치른 '미공개' 시험지엔…,20210714,사회

1톤 쓰레기와 씨름…서울대 청소노동자 사망일 CCTV,20210714,사회

원격수업 화면 끊겨 혼란…돌봄 걱정에 종일 발 동동,20210714,사회

"""발목까지 땀이 줄줄""…뜨거운 폭염 속 코로나 검사",20210714,사회

해수욕장 문 여는 비수도권…휴가철 '풍선효과' 우려,20210714,사회

4단계 효과는 언제…확산세 계속되면 '전국 봉쇄' 가능성,20210714,사회

"친구아빠가 안 놀아주자 ""성추행 당했다"" 신고한 10살 아이",20210715,사회

'백신 새치기' 동두천 요양병원 운영자 가족 처벌 못한다,20210715,사회

6·25 고난 담긴 한강철교 서울시 '이달의 문화재' 선정,20210715,사회

"""동선 숨긴 NC 선수들 제보로 알았다"" 결국 고발한 강남구청",20210715,사회

"55∼59세 백신 예약 '뒷문' 있었다…""시작도 전에 예약완료""",20210715,사회

입원 확진자 새벽에 병원 빠져나갔다가 붙잡혀,20210715,사회

대검 감찰위 한명숙 수사팀 불문·무혐의 처분,20210715,사회

'1600명 확진' 이틀째 1600명대…국내 발생 비수도권 29.4%,20210715,사회

심야 시위 경찰의 엄정 단속…자영업자들 입장은?,20210715,사회

"""더 버티기 힘들다""…심야 차량시위 나선 자영업자들",20210715,사회

"""자지 않고 울어""…'20개월 딸 살해·유기' 아빠 구속",20210715,사회

[뉴스체크｜오늘] 입국시 음성확인서 제출 의무화,20210715,사회

[뉴스체크｜사회] 신안 임자도 해상서 카약 전복,20210715,사회

"사망 전 또 다른 시험…""조직 이름 영어와 한자로 쓰라""",20210715,사회

승강기 없는 5층 건물서 쓰레기 1톤을…CCTV 보니,20210715,사회

일본 의사 '백신 일당' 177만원?…'수급 불균형' 심각,20210615,국제

'안창호의 넋' 깃든 흥사단 건물…재개발에 철거 위기,20210615,국제

물에 빠진 동생 구한 미 10살 소년…숨진 채 발견,20210615,국제

"G7서 겉도는 스가…""처음 본 사람과 친해지는데 서툴어""",20210615,국제

자전거 타고 20cm 흉기로 푹…아시아계 또 당했다,20210615,국제

"푸틴 ""못 생겼으면 거울 보고 화내지 마라""…바이든 ""나 또한 웃는다""",20210615,국제

인구 55% 접종 마친 이스라엘 오늘부터 실내서도 마스크 벗는다,20210615,국제

"""이게 국위선양""…BTS '버터' 빌보드 싱글차트 3주 연속 1위",20210615,국제

'포스트 네타냐후' 연 이스라엘…새 연정 파행 우려｜아침&amp; 세계,20210615,국제

"미 누적 사망자 60만명 육박…""백신 당장 맞아야""｜아침&amp; 지금",20210615,국제

미 시카고 화학공장서 큰 폭발…직원 70여 명 대피,20210615,국제

"""코로나·폭염으로 사망시 선수 탓""…책임 돌리는 도쿄올림픽",20210616,국제

중국 우한서 '노마스크' 1만여명 졸업식…방역 성과 선전?,20210616,국제

"일 언론 ""한국 중요한 이웃? 그렇다면 스가 대화해라""",20210616,국제

"""거리엔 돼지만 남아""…계엄령에 유령 도시된 미얀마 민닷",20210616,국제

아픈 주인 실려 가자…구급차 쫓아 병원까지 달린 반려견,20210616,국제

"""부는 공동의 산물"" 6조원 기부 베이조스 전 부인 3조원 또 내놨다",20210616,국제

미 뉴욕·캘리포니아 경제 전면 재개…변이 불안 여전,20210616,국제

"고가 '올림픽 여행상품' 매진…""긴급사태 재발령"" 경고도",20210617,국제

아직도 일제에 갇힌 손기정…일 '올림픽 역사왜곡관',20210617,국제

도망 못 간 노부부 끝내…마을 통째 불태운 미얀마 군부,20210617,국제

개가 구조한 '익사 위기' 새끼 사슴…다음날 다시 찾아와,20210617,국제

"'반군부 경례' 미얀마 축구선수 귀국 포기했다…""생명 위협""",20210617,국제

"홍콩 반중매체 간부 5명 경찰에 체포…""외국세력 결탁 혐의""",20210617,국제

손기정이 일본 금메달리스트? 日 올림픽 박물관 '황당 전시'에 항의,20210617,국제

"화이자 CEO ""선진국 올해 말 코로나 종식…전세계는 내년 말""",20210617,국제

'미·러 만남' 테이블에 '북핵' 문제 올랐나…회담 내용은?,20210617,국제

미 연준 '제로금리' 유지…인상 시기 2023년으로 전망,20210617,국제

"바이든-푸틴 회담 ""긍정적""…'인권·해킹' 입장차 여전",20210617,국제

최고의 오디션 프로 뒤집다…미국 열광시킨 'K태권도',20210618,국제

미 상점서 누가 보든 말든 '대낮 절도'…보안요원은 촬영만,20210618,국제

"일본 정부 ""그냥 위안부라 써라""…교과서 수정 압박",20210618,국제

"""누가 보든 말든"" 흉기 공격에 절도까지…샌프란의 무한 추락",20210618,국제

네타냐후 몰아내려 탄생한 '무지개 연정' 사흘만에 집안싸움,20210618,국제

"中연구진 수컷쥐에 자궁 이식해 출산시켜…동물단체 ""비열한 과학""",20210618,국제

에어비앤비 '숙소 성폭행' 피해 여성에 비밀합의금 79억 지급,20210618,국제

미 코로나 치료제 개발 지원…먹는 약 연말 출시 전망｜아침&amp; 지금,20210618,국제

캠퍼스로 간 AI…시 쓰고 작곡하는 '만능 신입생',20210618,국제

중 '미·러 정상회담' 다음 날 유인 우주선 발사 성공｜아침&amp; 세계,20210618,국제

샌프란시스코 절도 사건 기승…대낮 버젓이 상점 도둑질,20210618,국제

'란제리 천사' 대신 '축구 영웅' 모델로…빅토리아시크릿의 변신,20210618,국제

불타는 미 서부…폭염·가뭄 기승 산불 확산도 우려,20210618,국제

[중국은 왜] 압수수색 편집국장 체포…폐간 수순 밟는 홍콩 '반중매체' 빈과일보,20210618,국제

"WHO '델타 변이' 확산 경고…""세계적 지배종 될 것""",20210619,국제

"""플로이드 삶 기리겠다""…조지 플로이드 동상 미국서 공개",20210619,국제

미국 갔다가 한국 돌아올 때 '무료 코로나 검사' 받는 법｜1분 클립,20210619,국제

연말 달에 먼저 다녀올 '무네킹'…NASA '이름 챌린지',20210619,국제

백신 맞고 일본 입국한 우간다 선수 '첫 양성' 판정,20210620,국제

"일본 유권자 64% ""도쿄 올림픽 안전한 개최 불가능""",20210620,국제

1만8000명 머무는 올림픽 선수촌…코로나 대응시설 단 1곳,20210621,국제

다이아몬드인 줄 알았는데…'좋다 말았네',20210621,국제

프랑스서 '코로나 규제' 충돌…'화염병 저항' 심야파티,20210621,국제

생존율 0% 이겨낸 340g 미숙아 첫돌…기네스북 등재,20210621,국제

백신 맞고 일본 간 우간다 선수 코로나 확진…국내외 우려 커져,20210621,국제

미 접종률 낮은 지역 델타 변이 퍼지며 '국지적 확산',20210621,국제

'노마스크'로 꽉 찬 브리핑룸…백악관부터 '일상으로',20210622,국제

올림픽 '역사왜곡' 기회로 삼는 일본…IOC는 또 모르쇠,20210622,국제

"일 반세기 전 지도까지 조작…뒤늦게 독도 넣고 ""일본 땅""",20210622,국제

"'알츠하이머' 남편 아내와 두번째 결혼식…""모두 울었다""",20210622,국제

"""오늘이 마지막 방송입니다""…홍콩 반중매체 속속 운영 중단",20210622,국제

"미 '흥미로운 신호'에…김여정 ""꿈보단 해몽 잘못된 기대""",20210622,국제

미국 젊은층 코로나19 백신 잘 안맞아…1차 접종률 38%,20210622,국제

"""스가 G7서 문 대통령 가장 경계했다""…이유는?",20210622,국제

중국 '비트코인' 규제 vs 엘살바도르 정착 속도｜아침&amp; 세계,20210622,국제

"WHO ""전세계 감소세 둔화""…지난주 252만명 확진｜아침&amp; 지금",20210622,국제

열대성 폭풍 '클로뎃' 미 남동부 해안 강타…사망자 속출,20210622,국제

미 백신 거부 소송 잇따라…내달 70% 접종 목표 흔들,20210622,국제

도쿄올림픽 관중 허용한다…정원 절반·최대 1만명 결정,20210622,국제

올림픽 선수촌 공개…확진자·접촉자 동선 파악 안 돼,20210622,국제

하루 확진자 1만 넘어선 영국…축구 '6만 관중' 허용,20210623,국제

"일 올림픽 지도 '독도 조작'…""국가주의 강화 의도""",20210623,국제

"""누구를 위한 올림픽인가"" 일본 곳곳서 반대 집회",20210623,국제

중국서 단 14초 접촉에 '감염'…너무 빠른 델타 변이,20210623,국제

변이가 또 변이…인도서 전파력 더 센 '델타 플러스' 등장,20210623,국제

'군부vs시민군' 도심 한복판 총격전…미얀마는 내전 중,20210623,국제

50년 전 도쿄올림픽엔 없었던 독도…2020 도쿄올림픽에는 왜,20210623,국제

머스크 입도 안 통한다…고점에서 -75% 주저 앉은 도지코인,20210623,국제

미국 이란 관련 언론 사이트 수십 곳 접속 차단｜아침&amp; 지금,20210623,국제

홍콩 반중매체 '빈과일보' 폐간 위기…시민들 구매 나서,20210623,국제

"미 연준 의장 ""인플레이션은 일시적 현상""…기존 입장 유지",20210623,국제

이스라엘 '델타 변이' 확산으로 다시 '실내 마스크',20210623,국제

"""홍콩엔 언론의 자유 없다"" 빈과일보 26년 만에 폐간",20210624,국제

북극바다가 시끄러워졌다 왜?,20210624,국제

"""난 노예가 아니다"" 美 '원조 아이돌' 브리트니 스피어스 눈물 고백",20210624,국제

'독도 도발' 일본의 올림픽 역사 왜곡…침묵 일관하는 IOC,20210624,국제

"EU 빈과일보 폐간 비난…중 ""언론 자유 빌미로 간섭 그만""",20210624,국제

"FDA ""화이자·모더나 백신 젊은층에 드물게 심장질환"" 경고",20210624,국제

"필리핀 ""백신 거부하면 구속""…접종 초강수 논란｜아침&amp; 세계",20210624,국제

"""델타 변이 감염 8월 말 EU 신규 90% 예상""｜아침&amp; 지금",20210624,국제

총기 난사 급증…바이든 불법 거래 대대적 단속 예고,20210624,국제

너무 빠른 델타 변이…중국서 접촉 14초 만에 감염,20210624,국제

"일왕 ""올림픽 걱정""…'의미 축소'하기 바쁜 일본 정부",20210625,국제

"""매년 2㎜씩 주저앉아…30년 전부터 붕괴 조짐 있었다""",20210625,국제

"침대 밑 소년 극적 구조…""희망 안 놓을 것"" 밤샘 수색",20210625,국제

한밤중 10초 만에 아파트 와르르…주민 99명 행방불명,20210625,국제

"인도서 '델타 플러스' 첫 사망자…""백신 안 맞은 여성""",20210625,국제

마이애미 아파트 붕괴 참혹한 현장…99명 행방불명,20210625,국제

"""언론 자유에 슬픈 날""…바이든 빈과일보 폐간에 성명",20210625,국제

저출생 일본 인구수 세계 10위 탈락…5년간 87만 명↓,20210625,국제

호주 마을 곳곳에 한국식 도로명 '가평' 왜?,20210625,국제

항암치료 끝낸 15살 소녀 놀라운 광경이 펼쳐졌다,20210625,국제

델타 변이 대유행 우려…이스라엘 마스크 다시 쓴다,20210625,국제

반중 목소리 사라질 우려…빈과일보 폐간 파장은?,20210625,국제

시민 편 섰던 홍콩 빈과일보…26년 만에 폐간,20210625,국제

"대만 외교부장 ""중국과 군사충돌에 대비해야""｜아침&amp; 지금",20210625,국제

미 플로리다 12층 아파트 붕괴…1명 사망·99명 실종,20210625,국제

"미 아파트 붕괴 159명 실종…""대부분 매몰 가능성""",20210626,국제

미 아파트 참사 켜켜이 쌓인 '팬케이크 붕괴'로 구조 어려워,20210626,국제

'조지 플로이드 살해' 전 경관에 22년6개월 징역형,20210626,국제

"미 플로리다주 아파트 참사 실종 159명…""추가 붕괴 위험""",20210626,국제

"플로이드 살해 경관 '징역 22년 6개월'...""가장 긴 경찰관 형량""",20210626,국제

"'미 아파트 붕괴 참사' 4명 사망 159명 실종…""잔해 속 생존자 추정 소리""",20210626,국제

[중국은왜] 애국주의 세뇌한 30년 역사교육 中 '늑대외교'의 뿌리,20210626,국제

도쿄올림픽 선수촌 식자재 후보에 '후쿠시마 광어',20210627,국제

FDA 화이자·모더나 '심장질환 발병 위험' 경고｜뉴스브리핑,20210627,국제

'플로리다 붕괴 사고' 구조 작업 난항…흐르는 골든타임,20210627,국제

일 델타 변이 유행국 선수단에 '출국 전 매일 검사' 요구,20210627,국제

'플로리다 붕괴 사고' 사흘째…사망자 5명으로 늘어,20210627,국제

"""수영장부터 도미노 붕괴""…플로리다 사고 '인재' 정황도",20210628,국제

도쿄올림픽에 '연임 승부수' 건 스가…日 민심은 '무관중 올림픽',20210628,국제

"""잠도 안 재우고 때렸다""…미 언론인이 폭로한 군부의 고문",20210628,국제

"한 달도 안 남은 도쿄올림픽…도쿄시민 60% ""취소·연기해야""",20210628,국제

로마 '콜로세움' 지하 공간…사상 처음 완전 개방｜아침&amp; 세계,20210628,국제

브라질 첫 '델타' 감염 사망자 일본 다녀온 임산부｜아침&amp; 지금,20210628,국제

"델타 플러스 '돌연변이' 보유…""백신 무력화"" 추정",20210628,국제

'붕괴 참사' 미 아파트 사망자 9명으로…실종자 156명,20210628,국제

바이든 도쿄올림픽 참석 계획 없다…대표단만 파견,20210629,국제

영국 하루 확진자 2만2천여명…5개월 만에 최다｜아침&amp; 지금,20210629,국제

"""BTS가 BTS 넘었다""…버터 5주 연속 빌보드 1위 '대기록'",20210629,국제

"3년 전 '심각 아파트' 진단…주민들엔 ""매우 양호"" 통지",20210629,국제

시진핑-푸틴 화상회담…'중·러 우호협력조약' 연장키로,20210629,국제

"""화이자·모더나 효과 수년 지속…추가 접종 필요 없어""",20210629,국제

"'49.5도 폭염' 열돔에 갇힌 북미…""100년 만에 처음""",20210630,국제

"""내 성별은 내가 정한다""…'성별 변경법' 내놓은 스페인 정부",20210630,국제

"""윤석열 대권 도전은 영화같은 얘기"" 보도에 열 올리는 일본",20210630,국제

"""직계가족 보러 왔다면 격리 면제""…신청 조건과 구비 서류는?",20210630,국제

"독도=일본 땅 소개에 북한 ""올림픽에 영토강탈 종목 생겼나""",20210630,국제

결혼 59주년 앞둔 노부부 붕괴 아파트 잔해서 나란히 발견,20210630,국제

미국 5월 코로나19 사망자 99% 백신 안 맞았다,20210630,국제

북극 미세조류가 구름 생성에 도움…지구 온난화 늦춰,20210630,국제

붕괴 두 달 전 '대규모 보수' 경고음…주민 집단소송,20210630,국제

'찢어진 눈' 놀림받는 아시안 아이 위해 '미국판 뽀뽀뽀' 나섰다,20210630,국제

미국 겨냥 '수위 높인' 시진핑…미·중 갈등 격화할 듯,20210701,국제

"7만 붉은 군중 ""충성""…시진핑 ""건드리면 피 흘릴 것""",20210701,국제

토트넘도 OK 했다는데…손흥민은 왜 도쿄올림픽에 못가나?,20210701,국제

화장실·목욕탕에도 트랜스젠더…'성별 이분법'의 종말?,20210701,국제

"공산당 100주년에…시진핑 ""중화민족 괴롭힘 당하는 시대 끝나""",20210701,국제

미 아파트 붕괴 잔해서 4살·10살 어린이 시신 2구 수습,20210701,국제

플래카드와 충돌한 자전거 100여대 '도미노'…관람객 체포,20210701,국제

중국 공산당 창당 100주년 기념일…시진핑 메시지 주목｜아침&amp; 세계,20210701,국제

"유로 2020발 감염 현실로…""관련 확진자 1991명""｜아침&amp; 지금",20210701,국제

역대 미국 대통령 평가해보니…트럼프 44명 중 41위,20210701,국제

미 '델타 변이' 급속 확산…접종 지역별 편차 극심,20210701,국제

결국 일부 무관중? 일본 올림픽 3주 앞두고 '우왕좌왕',20210702,국제

해외 접종자에 격리면제서…LA 총영사관 앞 '장사진',20210702,국제

'독도 강치' 앞세워 또 왜곡…일본 '주권전시관' 지방순회전,20210702,국제

불타는 캐나다 교회들…'숨진 아이들' 추모한 건국일,20210702,국제

중국 가장 싫어하는 나라에 한국 4위…1위는?,20210702,국제

"시진핑 무서웠나…머스크 100주년 연설에 ""중국 경제 놀라워!""",20210702,국제

여자라서 못 갔던 우주…80대 할머니 드디어 우주 간다,20210702,국제

영국 하루 확진 2만8천명 육박…사망자는 크게 감소｜아침&amp; 지금,20210702,국제

바이든 참사 현장 방문…추가 붕괴 위험에 수색 중단,20210702,국제

"중국 공산당 100년…시진핑 ""건드리면 피 흘릴 것""",20210702,국제

미 국무부 북한 19년 연속 '최악 인신매매국' 지정,20210702,국제

바다에 불구덩이…멕시코 인근 수중 가스누출 '화재'｜뉴스브리핑,20210703,국제

유로 결승전 6만 관중 괜찮나…정상들 '장외 설전',20210703,국제

미 법원 유병언 차남 유혁기 '한국 송환' 결정,20210703,국제

산사태에 주민 20여 명 떠내려가…장마 닥친 일본 '비상',20210703,국제

"일본 신문 소녀상 전시장 승인 취소에 ""표현의 자유 지켜야""",20210703,국제

"""브라질서 유효기간 지난 AZ백신 2만6천회분 접종""…당국은 부인",20210703,국제

두테르테 '전설의 복서' 파키아오에 욕설…왜?,20210704,국제

우크라이나 여군 '하이힐 행진'…나라 안팎서 비판｜뉴스브리핑,20210704,국제

미 북서부·캐나다 '살인 폭염'…일본선 폭우로 '난리통',20210704,국제

일본 방문 올림픽팀 또 코로나 확진…우간다 이어 세르비아,20210704,국제

"AFP ""최소 85명 탑승한 필리핀 군용기 추락…15명 구조""",20210704,국제

도쿄올림픽 40% 무관중·관중 상한 5천명 하향 검토,20210704,국제

"[중국은 왜] ""침략 맞선 정의로운 전쟁"" 6·25로 애국주의 불지피는 中",20210704,국제

"미 구금 언론인 ""3일 안 재우고 구타…성고문 위협까지""",20210705,국제

붕괴 이어 허리케인 '엘사'까지…남은 건물도 철거,20210705,국제

일 산사태 실종자 수 하루 만에 4배로…'부실 대응' 비판,20210705,국제

"""올림픽 취소하라!"" 성화봉송 주자에게 물총 쏜 여성 체포",20210705,국제

총선 앞두고 위기…일본 여당 도쿄의회 선거서 과반 실패,20210705,국제

필리핀 군 수송기 추락 사고로 45명 숨져…원인 파악 중,20210705,국제

미 독립기념일에 '코로나로부터의 독립' 선언 예정,20210705,국제

"[중국은 왜] 7만명의 '천안문 맹세'…中기자 ""공포영화 같다""",20210705,국제

일 '독도 조작' 보도 뒤 지도 삭제…정부도 IOC에 서한,20210706,국제

일본 시민 앞에 다시 선 '소녀상'…우익들 이번에도 방해,20210706,국제

미 한인타운 여탕에 트랜스젠더 출입 논란…찬반 충돌,20210706,국제

영화 '슈퍼맨' 연출 리처드 도너 감독 별세…향년 91세,20210706,국제

"일본 정부 ""현시점에 문대통령 방일 통보는 없어""",20210706,국제

시진핑·김정은…국경없는기자회가 지목한 '언론 자유 약탈자',20210706,국제

"파우치 ""지난달 미 코로나 사망자 99% 백신 안 맞았다""",20210706,국제

미 '붕괴 참사' 근처 다른 아파트도 잇따라 대피령,20210706,국제

[중국은 왜] 美포드함보다 '더 크게'… 中항모 사이즈 집착증?,20210706,국제

일 정부 긴급사태 재선포 검토…'무관중 올림픽' 불가피,20210707,국제

"""벨기에 대사 부인이 한국인""?…조작 나선 중국 누리꾼",20210707,국제

"""워런 버핏이 암호화폐 추천""…가짜 글 올렸다가 내린 머스크",20210707,국제

지구촌 '극한 기후'로 몸살…곳곳서 피해 속출｜아침&amp; 세계,20210707,국제

도쿄 코로나 확진 급증세…지난주 대비 20% 증가｜아침&amp; 지금,20210707,국제

미 독립기념일 연휴 후유증…'델타 변이' 빠른 확산세,20210707,국제

[중국은 왜] 균열된 갑판 땜질? 청소작업? 中항모 사진 논란,20210707,국제

'미 요원 행세' 아이티 대통령 암살범…배후 의문 증폭,20210708,국제

당장 먹을 쌀 없어 '흰 깃발' 걸자…기적이 일어났다,20210708,국제

도쿄 또다시 '긴급사태' 선포…올림픽 보름 앞두고 혼란,20210708,국제

"아베 ""올림픽 반대하면 반일…올림픽 성공 불편하나""",20210708,국제

'방역 실종' 영국 유로2020 결승 진출에 밤새 '노마스크 떼창',20210708,국제

델타 미국 덮쳤다…한 달 만에 확진자 3%→51.7%로 껑충,20210708,국제

"대사 부인의 두번째 싸움…벨기에 ""지체없이"" 긴급소환",20210708,국제

"""배달 온 우편물이 터졌다""…일본서 소녀상 전시회 또 중단",20210708,국제

"[중국은 왜] ""국부 유출""vs ""돈가뭄 풀어줬더니"" 터질게 터진 '중국판 우버'",20210708,국제

샌프란시스코서 '붕괴 참사' 판박이 아파트?…제보 잇따라,20210708,국제

아이티 대통령 사저서 무장 괴한에 피살…안보리 긴급소집,20210708,국제

"WHO 사무총장 ""전세계 사망자 400만명""…영국 '해제' 논란",20210708,국제

아이티 대통령 암살단 17명 체포…미국인 2명 포함,20210709,국제

"마취된 환자에 ""멍청이""…미국도 '수술실 CCTV' 논란",20210709,국제

미 동부까지 올라온 '엘사'…물바다 된 뉴욕 지하철,20210709,국제

미 4곳 80%가 델타감염…영국은 방역 풀고 공존 택해,20210709,국제

"""탈레반과 싸우겠다"" 총 들고 시위 나선 여성들",20210709,국제

"""홍수라도 회사는 가야 해"" 물바다 뛰어든 뉴요커들",20210709,국제

가장 매력적인 투자처 1위에 미국…우리나라는?,20210709,국제

"""백신 3차 접종""vs""필요없다""…델타변이 유행에 고개든 '부스터샷'",20210709,국제

"소녀상 전시 중단에 도쿄신문 ""민주국가로서 부끄러운 일""",20210709,국제

"""위험한 가을로 가고 있다""…델타 확산에 '코로나 대폭발' 우려",20210709,국제

"IAEA 일본 오염수 방류 검증단 구성…정부 ""최소한의 안전장치""",20210709,국제

아이티 대통령 암살 용의자 6명 체포·7명 사살｜아침&amp; 세계,20210709,국제

"미 국무부 ""북 해킹 전세계 위협…국제 협력 필요""｜아침&amp; 지금",20210709,국제

"백악관 질 바이든 여사 도쿄올림픽행 여부 ""검토 중""",20210709,국제

올림픽 5자회의 도쿄 포함 수도권 경기 무관중 최종 결정,20210709,국제

"화이자 ""3차 접종 필요""…미 당국 ""과학적 근거 부족"" 반박",20210710,국제

훗카이도 축구경기도 무관중…사라지는 '응원 소리',20210710,국제

"바흐 IOC 위원장 ""여러분을 초대합니다. 도쿄서 만납시다!""",20210710,국제

아이티 대통령 암살 용의자 행적 속속 확인…배후는 여전히 미궁,20210710,국제

야간 통금 외출 금지…델타변이 공포에 곳곳 '봉쇄령',20210711,국제

두 달 전으로 돌아간 미국…감염자 99% 백신 미접종,20210711,국제

'우주관광' 첫발 뗀 브랜슨…억만장자들의 '스타워즈',20210712,국제

"일본 '군함도 왜곡' 망신…유네스코 ""강한 유감"" 경고",20210712,국제

술 팔면 돈줄 막는다?…'도쿄 금주령' 압박에 시끌,20210712,국제

'열돔'에 갇힌 북미…익어버린 홍합 떼죽음 산불까지,20210712,국제

버려진 애완 금붕어 축구공만큼 커지더니 호수 점령했다,20210712,국제

산소 공급도 끊긴 미얀마…'델타변이' 습격에 동남아 비상,20210712,국제

"""위대한 중국 공산당"" 외친 성룡 입당 의사도 밝혔다",20210712,국제

영국의 억만장자 브랜슨 첫 민간 우주관광 성공,20210712,국제

대부분 백신 미접종자 감염…미국 하루 확진 4만여명,20210712,국제

"핀커스 주커만 ""한국인 DNA엔 노래가 없다""?",20210713,국제

"'남아공 폭동'에 LG전자 현지 공장 전소…""제품도 약탈""",20210713,국제

"""중국인 아니 일본인"" 바흐 IOC 위원장 도쿄서 말실수",20210713,국제

일 방위백서 이번엔 '독도방어훈련'까지 콕 집어 도발,20210713,국제

"'람다 변이' 등장 벌써 29개국 퍼져…""전염성 더 클 것""",20210713,국제

중국서 1년 만에 또 '호텔 붕괴 참사'…8명 사망·9명 실종,20210713,국제

"""한국인? DNA에 예술성 없다""…바이올린 거장의 막말",20210713,국제

"남미 확산 '람다 변이' 29개국에 퍼져…""치명률 9.3%""",20210713,국제

일일 확진자 400명까지 치솟은 이스라엘 3차 접종 시작,20210713,국제

가랑비에 옷 젖는 줄 모른다더니…개 오줌에 신호등 쓰러졌다,20210713,국제

젊은 여성 내세운 호주 '백신 광고' 논란된 이유는?,20210713,국제

일본 방위백서에 또 '독도는 일본땅' 억지 주장,20210713,국제

틱톡 모회사 중국 정부 압박에 미국 상장 접었다,20210713,국제

'열돔'에 갇힌 북미 서부…이상고온에 산불까지 이어져,20210713,국제

중국 폭우·강풍…차 날아가고 급류 휩쓸린 주민들,20210713,국제

백신 안 맞으면 병원도 못 간다…중국 '강제 접종' 시끌,20210714,국제

"""코로나 패스 없으면 입장 불가? 자유 침해!"" 파리의 맛집 뿔났다",20210714,국제

"한국인 도쿄올림픽 반대 1위…""올림픽? 관심도 없다"" 70%",20210714,국제

"""전시하면 파괴하겠다""…소녀상 전시에 이번엔 협박문 배달",20210714,국제

델타가 휩쓴 미국 2주 동안 확진자 94% 늘었다,20210714,국제

비행기 지나가더니 하늘서 물고기 수만 마리 쏟아졌다,20210714,국제

"트럼프 대선 당시 ""재집권해서 한·미 동맹 날려버리겠다""｜아침&amp; 지금",20210714,국제

17년 연속 도발…일 방위백서 '독도방어훈련' 문제 삼아,20210714,국제

미 신규 확진 2주 새 2배로 증가…백신 접종률은 뚝,20210714,국제

남미발 '람다 변이'까지 등장…페루 확진 80% 이상,20210714,국제

30년 전 한흑 갈등을 폭발시켰던 '두순자 사건'｜프리퀄,20210715,국제

"브라질 대통령 10일째 ""딸꾹 딸꾹 딸꾹""…수술대 오를 수도",20210715,국제

미 LA 한 달 새 6배로 확진 폭증…백신 접종은 더뎌｜아침&amp; 지금,20210715,국제

"미 물가 상승세 우려…연준 의장 ""연말 누그러질 듯""",20210715,국제

[중국은 왜] 다시 열린 '제국의 무덤'…왕이 급파한 '스탄' 3개국의 비밀,20210715,국제

코로나가 만든 호황…추억의 '종이사전' 찾는 부모들,20210615,문화

BTS '버터'로 빌보드 싱글 차트 또 1위…첫 3주 연속 정상,20210615,문화

금지곡에서 위로곡으로…시대 굴곡 대변한 '김민기',20210615,문화

[뉴스체크｜문화] 최초 한글 공문서 김해시 기탁,20210615,문화

'반디앤루니스' 운영 서울문고…최종 부도 처리,20210616,문화

"숨통 트이는 공연장…""함성 없어도 좋아"" 매진 행렬",20210616,문화

"[뉴스체크｜문화] ""기생충 역대 최고 아카데미 작품상""",20210616,문화

[뉴스체크｜문화] 전북 장수서 가야시대 봉화터 발굴,20210617,문화

또 비하·차별 논란…한류에 찬물 끼얹은 'K드라마',20210618,문화

[뉴스체크｜문화] '희귀병' 이봉주 수술 후 회복 중,20210618,문화

"이승철 ""중국의 저작권 도용? 완전히 없어지진 않겠지만…""",20210620,문화

"'90년생이 온다' 작가도 ""억대 인세 못 받았다""",20210621,문화

"BTS 김치 담그는데 '파오차이' 자막…네이버 ""정부 훈령대로""",20210621,문화

[뉴스체크｜문화] BBC 카디프 콩쿠르 김기훈 우승,20210621,문화

『90년생이 온다』이중계약 논란…'출판 지원금' 환수까지 검토,20210622,문화

BTS '버터' 빌보드 4주 연속 1위…아시아 가수 최초,20210622,문화

[뉴스체크｜문화] BTS '버터' 빌보드 4주 연속 1위,20210622,문화

서울 누비는 '콜드플레이' 뮤비 속…주연은 한국 춤꾼,20210623,문화

[뉴스체크｜문화] 서울 배경 '하이어 파워' 댄스비디오,20210623,문화

송강호 칸 영화제 경쟁부문 심사위원 위촉,20210624,문화

JTBC스튜디오 국내 콘텐트 제작사 3곳 인수,20210624,문화

"'블랙 위도우'로 돌아온 스칼렛 요한슨 ""나약함 인정하면서 더 강해진다""",20210624,문화

'콜드플레이' 뮤비 속 서울의 모습…주연은 한국 춤꾼,20210624,문화

[뉴스체크｜문화] 서울 광화문광장 내년 4월 개장,20210624,문화

오디오의 부활…MZ세대 사로잡은 '듣는 콘텐츠',20210625,문화

한국전쟁의 기억…그림으로 엮은 할머니들의 '인생책',20210625,문화

[뉴스체크｜문화] 인천공항박물관 개관 문화재 전시,20210625,문화

예화랑 이환권 개인전 열어...7월 1일부터 한달간 전시,20210626,문화

"티파니 ""성소수자? 악플러? 이젠 당당히 제 목소리 내요""",20210626,문화

낮은 곳의 노동자 왜 굴뚝에 올랐나…연극의 질문,20210626,문화

[뉴스체크｜문화] 삼국시대 갑옷 1600년 만에 재현,20210628,문화

종로서 '조선 유물' 우르르…한글 금속활자 등 1600여 점,20210629,문화

[뉴스체크｜문화] 일본 우토로마을에 역사관 건립,20210629,문화

서울 한복판서 쏟아져 나온 금속활자…더 파면 더 나올까?,20210630,문화

[뉴스체크｜문화] '암살자들' 재심사서 예술영화 인정,20210630,문화

[뉴스체크｜문화] 이병헌 칸영화제 폐막식 시상자,20210701,문화

필름으로 찍고 LP 듣고…'옛 감성'에 반한 MZ,20210702,문화

'미나리'로 오스카 품은 윤여정 아카데미 회원 초청받았다,20210702,문화

도굴 안 된 백제 사비 돌방무덤 발견…유골과 금동 귀걸이 출토,20210702,문화

[뉴스체크｜문화] 중광 스님 작품 고향 제주 기증,20210702,문화

서울극장도 역사 속으로…42년만에 문 닫는다,20210703,문화

세계적 그룹이 부른 '한국 탑골송'…다시 태어난 음악들,20210705,문화

김연경의 마지막 올림픽…함께 뛸 여자배구 동료 누구?,20210705,문화

[뉴스체크｜문화] 차지연 확진…일부 뮤지컬 공연 차질,20210705,문화

"""오늘날 창조는 상상력보다 데이터""…1800억원에 NFT 작품 내놓은 미술가 코디최",20210706,문화

코로나 뚫고 열린 칸 영화제 모습은?…심사위원 송강호도 참석,20210706,문화

[뉴스체크｜문화] 손흥민 기념메달 7700개 한정 출시,20210706,문화

한국어로 '칸영화제' 문 연 봉준호…박수 보낸 송강호,20210707,문화

'이건희 기증관' 결국 서울로…탈락 지자체들 반발,20210707,문화

'이건희 기증관' 건립…후보지 서울 용산·송현동 2곳,20210707,문화

문제작 '랑종' 안내문 빙자한 경고문,20210707,문화

봉준호·송강호 2년만 랑데부…칸영화제 팬데믹 속 개막,20210707,문화

[뉴스체크｜오늘] 문체부 '이건희 미술관' 건립안 발표,20210707,문화

[뉴스체크｜문화] 고대부터 근현대까지 '한국의 미' 전시,20210707,문화

방탄소년단 신곡 '버터' 빌보드 6주 연속 1위 대기록,20210707,문화

150년 전 '경복궁 화장실' 유적 발굴…정화시설도 있었다,20210708,문화

"'칸영화제' 봉준호 ""'살인의 추억' 진범 이춘재 만나볼까 생각도…""",20210708,문화

"봉준호 ""스트리밍 플랫폼 극장의 위력은 당할 수 없다""｜아침&amp; 지금",20210708,문화

[뉴스체크｜문화] BTS '블랙 스완' 뮤비 3억뷰 돌파,20210708,문화

무조건 전통이니까? 아니 힙하니까…'요즘 한복',20210709,문화

방탄소년단 'Butter' '유로 2020' 웸블리 구장에 울려퍼졌다,20210709,문화

[뉴스체크｜문화] 소설가 이외수 의식회복 후 재활,20210709,문화

'기생충' 세트인 듯 BTS 만난 듯…한류팬 잡은 VR,20210709,문화

"""춤추고 싶으면 추자""…팬데믹 너머 희망 노래한 BTS",20210710,문화

BTS 신곡 '퍼미션 투 댄스' 92개국 아이튠즈 차트 1위,20210710,문화

BTS 신곡 92개국 아이튠즈 1위...뮤비는 39분만에 1000만 뷰,20210710,문화

움직이면 팬미팅·입 열면 명언…칸 홀린 '레전드 봉준호'(종합),20210711,문화

[뉴스체크｜문화] BTS '퍼미션 투 댄스' 뮤비 1억뷰,20210712,문화

[뉴스체크｜문화] 문 대통령 유흥식 대주교 접견,20210713,문화

BTS 코로나 극복 콘서트 무대에 콜드플레이 빌리 아일리시와 함께 오를 것,20210714,문화

국립극단 '45세 이하' 나이제한 없앴다,20210714,문화

[뉴스체크｜문화] '광화문 세월호 기억공간' 존치 요청,20210714,문화

고분군 대신 왕릉원…일제 때 붙여진 문화재 명칭 바꾼다,20210715,문화

1500년 전 신라인 키가 180cm?…경주서 삼국시대 최장신 인골 발굴,20210715,문화

[뉴스체크｜문화] BTS 미국 NBC '팰런쇼' 출연,20210715,문화

송중기 잘생겼다는 말로는 부족한 비주얼 '심쿵 그 자체',20210615,연예

'알고있지만' 송강X한소희 아찔하게 빠져드는 '단짠맵' 로맨스,20210615,연예

유재석 스타일리스가 밝힌 복지 수준..'입어 떡~',20210615,연예

"'박시은♥' 진태현 유산고백 팬 위로 ""아픔지워지지 않지만 여유생겨""",20210615,연예

변정수 동생 변정민과 자매 케미 '우월한 미모는 여전',20210615,연예

"'유명가수전' 윤도현 ""이승윤 다른 별에서 온 것 같다"" 극찬",20210615,연예

김우빈 '시간이 멈췄어. 자그마치 7년',20210615,연예

"공현주 ""코로나 백신 접종 3일차 통증있지만 이상없어""",20210615,연예

'해방타운' 무용수 윤혜진 꿈의 발레단 그만 둔 이유는?,20210615,연예

김우빈 '이제 다 나았어요',20210615,연예

김우빈 '완쾌 후 첫 공식 일정',20210615,연예

김우빈 '품위 있는 엄지척',20210615,연예

김우빈 '이게 대체 얼마만',20210615,연예

김우빈 '여전히 빛나는 소년미',20210615,연예

김우빈 '신민아가 반한 소년미',20210615,연예

'강철부대' 황충원은 괴물이다? 엄청난 수영 실력에 '입틀막'...,20210616,연예

"가수 정호 ""미스터트롯 혀남? 이도진으로 오해하기도""",20210616,연예

하성운 '경쾌한 구름 풋워크',20210616,연예

하성운 '스니커즈 사랑 고마워요',20210616,연예

하성운 '구름 속에 숨어 하트뿅',20210616,연예

하성운 '몽환적인 구름왕자',20210616,연예

"박민영 반려견안고 행복미소 ""네가 좋으면 나도 좋아""",20210616,연예

KBS 오디션 '새가수' 20일 지원서 마감...최종 엔트리 곧 확정,20210616,연예

SF9 영빈 집콕 휴가 위한 '홈캉스템' 만들기 강의~,20210616,연예

"조권 아찔한 레드힐 신고 매력발산 ""패션엔 성별없다""",20210616,연예

오유진 소녀의 상큼하트,20210616,연예

오유진 앵글에 꽉찬 귀여움,20210616,연예

오유진 깜찍한 소녀의 해맑은 손인사,20210616,연예

오유진 하트 속 귀여운 눈동자,20210616,연예

오유진 봄날핀 개나리꽃 처럼,20210616,연예

"'제주댁' 정다혜 ""놀랄 정도로 예뻐 다시 힘 얻는다""",20210617,연예

"김종국 유튜브 개설 하루만에 10만↑ ""자격증이라곤 몸뿐""",20210617,연예

공효진 반려견과 여름맞이 물놀이 '늘씬 비주얼은 여전',20210617,연예

'바라던 바다' 포스터 공개! 여섯 멤버들의 케미 발산,20210617,연예

'멀리서봐도 뱀뱀',20210617,연예

뱀뱀 '눈웃음에 손하트는 덤',20210617,연예

뱀뱀 '시선끄는 네일아트',20210617,연예

뱀뱀 '출근길에 어리둥절',20210617,연예

뱀뱀 'riBBon 최고!',20210617,연예

뱀뱀 'riBBon으로 돌아왔어요',20210617,연예

뱀뱀 '컬투쇼 녹음 왔어요~',20210617,연예

뱀뱀 '귀여운 꽃받침',20210617,연예

뱀뱀 '사랑스러운 하트',20210617,연예

뱀뱀 '행복한 미소',20210617,연예

뱀뱀 '녹음 잘하고 올게요',20210617,연예

슈퍼주니어 이특 60억 건물주됐다 '남다른 클래스',20210618,연예

브레이브 걸스 신곡 '치맛바람'에 비속어가? 영어 가사 해석에 '의견 분분',20210618,연예

'월간 집' 정소민 만렙 긍정 에너지로 공감캐 완성!,20210618,연예

윤하 '우중 흑장미',20210618,연예

윤하 '하트 날리며 놀란 토끼눈',20210618,연예

윤하 '매주 금요일에 만나요',20210618,연예

유민상 '좀 슬림해졌죠',20210618,연예

유민상 '오늘도 사랑스럽게',20210618,연예

유민상 '비싸이로마까',20210618,연예

유민상 '많이 유연해졌죠',20210618,연예

윤하 '다급한 풋워크',20210618,연예

윤하 '되찾은 평정심',20210618,연예

윤하 '아스라한 눈맞춤',20210618,연예

윤하 '하트가 총총',20210618,연예

서현 소녀에서 숙녀되니 더욱 '러블리X상큼',20210618,연예

"'아는 형님' 태항호 감동 스토리 공개 ""김희선이 결혼반지 선물해 줬다""",20210619,연예

'알고있지만' 송강♥한소희 '숨멎' 첫 만남→운명적 재회→키스 1초 전?!,20210619,연예

유명 BJ 노래하는코트 안마방 방문-무면허 운전? 전 여친 폭로에 일부 시인,20210619,연예

'월간 집' 소민의 새 동지 '드래곤' 김지석 vs '편의점 메이트' 정건주,20210619,연예

"'방구석1열' 조우진 ""영화 '마약왕'은 내게 성지순례 같은 작품!""",20210619,연예

'알고있지만' 한소희♥송강이 전한 관전포인트 &amp; 설렘폭격 인증샷,20210619,연예

"'고등래퍼' 출신 하선호 ""알코올 섭취 안해도 술향이..."" 제시 따라하나?",20210619,연예

"마이크로닷 ""부모님 형기 마치고 출소 뉴질랜드로 추방되셨다"" 충격 근황",20210619,연예

'병아리 하이킥' 현영 아들 '최배달의 후예'다운 장사 파워 풀가동!,20210619,연예

"우혜림 ""원더걸스 때보다 지금이 행복해"" 남편과 달달한 신혼 공개",20210619,연예

김수현 랜선 팬미팅서 포착한 근황! 하지영도 반한 꽃미모~,20210619,연예

'런닝맨' 유재석 '하차' 이광수에 냉정한 태도? 전화 통화서 쌀쌀~,20210620,연예

"이동욱 충격적인 장발 화보 공개...""이건 아니지"" VS ""역시 패완얼""",20210620,연예

'1호가 될 순 없어' 팽락 부부 한화 이글스 시구-시타 도전!,20210620,연예

'알고있지만' 시작부터 과몰입 유발 '단짠맵' 로맨스!,20210620,연예

"홍현희 다이어트 성공 후 복근 공개...남편 제이쓴 반응은?"" 정신 차리라고""",20210620,연예

"'제시의 쇼!터뷰' 제작진 ""트와이스 편 때밀이 오역 죄송해"" 사과글 올려",20210620,연예

박재범 '흑인 머리'한 뮤비로 맹비난 받아 해명글 올린 뒤 '비공개' 처리,20210620,연예

'병아리 하이킥' 하하 추억의 단신 댄스 급소환?,20210620,연예

"태연 ""술 취하고 싶다""는 헤이즈 말에 단호박 조언...",20210620,연예

안보현 근육질 몸매 자랑하려다 더 관심받은 이것은?,20210620,연예

이인혜 얼굴보다 큰 빙수 앞에서 꽃받침~ 교수님의 방학 시작!,20210620,연예

"성시경 ""김종국 유튜브 구독자 벌써 80만 넘어"" 부러움 토로",20210621,연예

"한지혜 풍선들고 출산앞둔 행복 만끽 ""방갑이랑 추억남기기""",20210621,연예

"'해방타운' 장윤정 ""흙은 남편과 똑같아 살살 달래줘야 한다""",20210621,연예

위하준 '빌런의 바른 자세',20210621,연예

위하준 '실제론 사랑꾼',20210621,연예

박훈 '착한오빠 엄지척',20210621,연예

위하준 '알쏭달쏭 연쇄살인마',20210621,연예

가요계 여제 이선희 '유명가수전' 마지막회 대미 장식!,20210621,연예

'바라던 바다' 영업 시작 알리는 비주얼 티저 2종 공개,20210621,연예

'강철부대' 최영재 늠름한 그의 반전 부캐는?,20210621,연예

"'골절상' 최수종 ""희라씨 다쳐서 수술..미안하고 사랑"" 사랑꾼",20210621,연예

한소희 매혹적인 자태 '치명적 매력 과시',20210621,연예

'월간 집' 공감 로맨스에 미스터리 한스푼…종합선물세트 선사,20210621,연예

'히든트랙 스페셜 콘서트' 7월 3일~4일 온라인 개최!,20210621,연예

'기상청 사람들: 사내연애 잔혹사 편'…내년 상반기 방송,20210621,연예

'아돌라스쿨' 김재환 김우진과 돌발 스킨십? 뜻밖의 설렘 모먼트...,20210622,연예

이병헌 한폭의 그림같은 뒤태..♥이민정이 반할만,20210622,연예

정혜성 4kg 증량불구 여전한 극세사 다리 '늘씬',20210622,연예

"김옥빈 교복입고 최강동안 과시 ""학생이 된 옥빈""",20210622,연예

하성운 분홍 머리도 찰떡···팬들 설레게 하는 청량 비주얼,20210622,연예

유정 '촉촉한 컬투쇼 출근길',20210622,연예

민영 '우산 쓰고 뻥터진 건강미',20210622,연예

유정-민영 '비 오는 날의 수채화',20210622,연예

유정X민영 '브브걸 투톱의 컬투쇼 출격',20210622,연예

유정 '꼬북좌는 지금 핑크핑크해',20210622,연예

민영 '소나기에 엄지척',20210622,연예

민영 '비 올 땐 터미네이터 포즈',20210622,연예

유정 '비 맞더라도 우산하트 뿅',20210622,연예

유정X민영 '꼬북좌와 메보좌의 수채화',20210622,연예

유정X민영 '수채화 찢고 컬투쇼 진격',20210622,연예

'미치지 않고서야' 백민현 정재영-이상엽 부서 막내로 눈도장...현실 캐릭터,20210623,연예

"이윤지 故박지선 향한 그리움 고백 ""네 전화였으면…""",20210623,연예

박소진 '세심한 공대언니',20210623,연예

'류수영♥' 박하선 한도초과 밝음 '유쾌한 그녀',20210623,연예

'차이나는 클라스' 스탑 헤이트! 우리가 몰랐던 진짜 중국 이야기,20210623,연예

"박은혜 ""다이어트 위해 뒷산行..무릎 아파"" 폭소",20210623,연예

수진-민지-민정 '좀비 물리친 미녀삼총사',20210623,연예

'바라던 바다' 수현 선배가 소개해주는 바와 멤버들!,20210623,연예

'월간 집' 정소민X김지석 본방사수 부르는 입맞춤 3초 전,20210623,연예

김계란 플라잉보드타고 바벨..수상 스포츠도 남다르게~,20210623,연예

신민아 ♥김우빈이 반한 심쿵 청순 미모 '러블리,20210623,연예

김우진 김재환과 '심쿵' 손맞춤....천상의 합주로 심장폭격!,20210623,연예

박소진 '반인반좀 끝판왕',20210623,연예

박소진 '고퀄 버리니 따듯한 B급 좀비',20210623,연예

박소진 '스크린 찢고 나온 공대언니',20210623,연예

"김수찬 ""3년간 정산 0원 빚 2억원...군대갈 수밖에"" 소속사와 분쟁 고백",20210624,연예

"하희라 ♥최수종 부상에 ""이겨낼수있는 고통만 주신것 감사""",20210624,연예

클라라 발레리나인줄.. 완벽몸매+균형감각,20210624,연예

"이시영 완벽몸매 비결은 등산 ""도봉산 서울 최고의 코스""",20210624,연예

이승윤 '금발로 돌아왔어요~',20210624,연예

우아! '소녀들의 인사',20210624,연예

우아! '컬투쇼 찾은 요정들',20210624,연예

우연 '우아한 비주얼',20210624,연예

우아! '다채로운 꽃받침',20210624,연예

우아! '끝인사도 사랑스러워',20210624,연예

우아! '컬투쇼에서 만나요~',20210624,연예

'월간 집' 정소민 vs 김지석 설레는 로맨스 어디로?,20210624,연예

"'바라던 바다' 이수현 ""정신없이 일하고 노래했던 추억 전달되길""",20210624,연예

'차클' 중국 '아줌마 부대' vs '청년 세대' 갈등 원인은?,20210624,연예

"박민영 초접근 촬영에도 굴욕無 ""오늘의 미모""",20210624,연예

이다해 ♥세븐 반할만한 '개미허리 룩',20210625,연예

"'미국댁' 박은지 임신 소식에 韓서 먹거리 선물 ""잘먹고 태교할게요""",20210625,연예

"'월간 집' 김지석 자꾸만 스며든다 ""쿨하지 못해 더 매력적""",20210625,연예

'1호가 될 순 없어' 최양락 방송 최초 쌍꺼풀수술 현장 공개,20210625,연예

정려원 꽃미소 빛나는 러블리 뒤태 '청순+수수',20210625,연예

'아는 형님' 고두심 노래부터 춤까지 '흥신흥왕' 매력 대방출,20210625,연예

'병아리 하이킥' 나태주-김요한-태미 '입틀막' 유발! '병뚜껑 챌린지' 현장은?,20210625,연예

윤세아 출근준비 완료? 우린 반할준비 완료!,20210625,연예

"'바라던 바다' 윤종신 ""음악으로 최고의 하루 선사할 것""",20210625,연예

'트러블러' 용진호X이상준X랄랄 '대학생 MT의 정석' 선보여,20210625,연예

엄정화 50대에 이 미모라니..'20대 안부러운 동안 미모',20210625,연예

'월간 집' 김지석 상상 입맞춤 → 안전 귀가 서비스로 심쿵 엔딩,20210625,연예

"'방구석1열' 정유정 ""영화서 재현된 '세령마을' 보고 소름돋아""",20210625,연예

'알고있지만' 송강X한소희 달빛 아래 '키스 1초 전',20210625,연예

"'바라던 바다' 온유 ""함께 만든 노래를 할 때 가장 좋았다""",20210625,연예

장영란 55.6kg 인증샷 공개...뱃살-팔뚝살 완전 실종!,20210626,연예

'월간 집' 정소민X김지석 누가 먼저 입덕할까?,20210626,연예

'알고있지만' 송강X한소희 '꿀케미' 커플 인터뷰 공개,20210626,연예

'방구석1열' 소설 원작 영화 특집! '7년의 밤' &amp; '남한산성',20210626,연예

'아는 형님' 고두심 강호동과의 황당 루머 속시원하게 털어놔,20210626,연예

'알고있지만' 한소희X송강 뜨거운 눈맞춤→현관 앞 입맞춤,20210626,연예

KBS 이슬기 아나 중고거래 사기에 발동동...경찰 방문 인증샷 공개,20210626,연예

'편스토랑' 안성준 이유리에 팬심 고백..허경환 질투 대폭발?,20210626,연예

'슬의생2' 전미도 맞선남은 이규형? '슬감빵' 캐릭터의 연장 절묘해~,20210626,연예

"'제로투' 댄스로 뜬 BJ 문월 집캠보다 공캠이 더 여신? ""김태리 닮았네""",20210626,연예

라비던스 황건하 '오늘을 기다렸다',20210627,연예

라비던스 '펜텀싱어의 열기를 고스란히',20210627,연예

라비던스 '첫 콘서트 설레요',20210627,연예

'라비던스 Meets the 오케스트라가 오늘 시작합니다',20210627,연예

황건하-존노-고영열-김바울 '바로 오늘입니다',20210627,연예

황건하 '자신만만 엄지척',20210627,연예

고영열 '멋지게 해치울게요',20210627,연예

라비던스 '프리즘도 사랑해주세요',20210627,연예

라비던스 존노 '오케스트라 스타트',20210627,연예

김바울 '촉촉한 파이팅',20210627,연예

고영열 '존노-김바울 몰아주기 고마워',20210627,연예

황건하 '꽃받침으로 콘서트 개막',20210627,연예

김바울 '순백의 콘서트',20210627,연예

라비던스 '창의적인 꽃받침',20210627,연예

라비던스 김바울 '예술의전당으로 오세요',20210627,연예

박보영 웃는 모습도 러블리~ '사랑스러운 그녀',20210628,연예

조권 이 남자가 한복을 대하는 법 '감동 또 감동',20210628,연예

'해방타운' 윤혜진 딸 지온이 위해 블랙핑크 커버 댄스 도전,20210628,연예

'세리머니 클럽' 미리 보는 3MC '케미'…팟캐스트 시리즈 공개,20210628,연예

"'혜리♥'류준열 ""비와도 캠핑 이상 무"" 행복한 일상",20210628,연예

'바라던 바다' 첫 번째 게스트 '로제'…설렘 가득 첫 만남 공개,20210628,연예

"윤다훈 딸 남경민 7월의 신부된다 ""알콩달콩 살게요""",20210628,연예

송가인 44kg되더니 다리가 극세사..'너무 말라 팬들 걱정',20210628,연예

'월간 집' 센스 넘치는 패러디 이번주는 안창환의 '깡'이다,20210628,연예

"'바라던 바다' 이동욱 ""연기할 때 보다 편한 모습을 보여 드리고 싶다""",20210628,연예

MBN '돌싱글즈' 7월 론칭 이혜영-유세윤-이지혜-정겨운 4MC 확정,20210628,연예

"KBS 오디션 '새가수' 배철수 ""가창력보다 자신만의 개성 중요해""",20210628,연예

'병아리 하이킥' 미군 자녀 연합팀과 두번째 '겨루기 대전'!,20210628,연예

안성준 '더트롯쇼' 찍고 '가요무대'까지...전천후 재주꾼!,20210628,연예

"문채원 ""야 남는 건물 하나 줘 봐"" 서장훈에 '심쿵' 애교 어택~",20210628,연예

'정준영 단톡방' 사건 에디킴 2년 만에 근황 공개...집 안에 여행 가방이?,20210629,연예

"'강철부대' 하차 박중사 ""불륜 상대도 유부녀였다""...'실화탐사대' 초대남 사건 해명",20210629,연예

하동근 KBS부산 '아침마당' 최고 시청률 찍고 재출연! 신흥 트로트 왕자~,20210629,연예

주창욱 '드리핀 최장신의 위용',20210629,연예

이협 '드리핀 맏형은 귀요킹',20210629,연예

드리핀 '청량한 퍼포먼스',20210629,연예

이협 '올여름엔 드리핀',20210629,연예

황윤성 '드리핀 리더는 하트 제조기',20210629,연예

김민서 '드리핀 청순 담당',20210629,연예

알렉스 '난 위너 드리핀 막내니까',20210629,연예

드리핀 'Free Pass로 돌아왔어요',20210629,연예

드리핀 차준호 '청량 여름 우리에게 맡겨요',20210629,연예

"""너만의 자유이용권""…드리핀 당찬 '프리 패스' 컴백",20210629,연예

"'새가수' 솔라 ""7090 음악 많이 들었다. 출연자들 응원해""",20210629,연예

구혜선 B컷이라며…이렇게 매혹적인 자태라니!,20210629,연예

'아침마당' 하동근 '아버지의 강'으로 혼신 무대...황기순 김혜영 극찬!,20210630,연예

강남 음주운전 A씨는 박규리 남친? 20대 재벌 3세로 유명세...,20210630,연예

걸그룹 멤버 겸 배우 A씨 프로포폴 투약 혐의로 약식 기소돼,20210630,연예

"하연주 ""코로나 시기 작은 결혼식올려..축하해주신 모든분께 감사""",20210630,연예

제현 '극세사 스핀',20210630,연예

태동 '엄지가 꿈틀',20210630,연예

'바라던 바다' 로제 무대에 존 메이어도 환호 'gorgeous!',20210630,연예

강기영 어느 단발머리 소녀의 외출 '폭소',20210630,연예

예찬X세빈 '애교는 양보없다',20210630,연예

"'출산' 한지혜 딸 방갑이와 행복한 투샷 ""볼수록 정들어""",20210630,연예

'차이나는 클라스' 미지의 세계 진짜 아프리카를 만나다,20210630,연예

'보이스4' 출연 강승윤 OST 가창까지 참여...음원 2일 오후 6시 공개,20210630,연예

KBS '새가수' 송창식×한영애→김종진 '새가수' 지원사격,20210630,연예

"'정조국♥' 김성은 ""가족 관심·응원 감사..더 좋은 엄마될게""",20210630,연예

'월간 집' 이정은 2개월차 제주도민으로 등장 예고!,20210630,연예

구혜선 꽃밭에서 담배를? 신작 '다크옐로우'에서 180도 변신...,20210701,연예

"[단독 ③] 유재석 ""아이들과 시간 가지려 노력하는 아빠""",20210701,연예

"[단독 ②] 유재석 ""망하는 것에 두려움은 없지만…""",20210701,연예

"[단독 ①] 유재석 ""일탈 꿈꿀만큼 아직까지 많이 힘들진 않아""",20210701,연예

'해외서 잇따라 러브콜' 韓배우 글로벌 주가상승,20210701,연예

4년 만에 돌아온 류승완 감독…영화계 구출 작전,20210701,연예

'차이나는 클라스' 아프리카 대륙 'USA' 운동은 무엇?,20210701,연예

큐리 '세찬 바람에도 굴욕 없는 미모',20210701,연예

큐리 '출근길 카리스마',20210701,연예

티아라 '간만에 완전체 출격',20210701,연예

'월간 집' 정소민♥김지석 '대빵이들' 데이트 현장 선공개,20210701,연예

효민 '하차하는 샴푸의 요정',20210701,연예

'알고있지만' 과몰입 유발 한소희의 '감정 3단 변화',20210701,연예

허준호 '조인성 빠져도 재밌을 뻔',20210701,연예

'월간 집' 김지석 정소민 칭찬 한 마디에 춤추는 고래됐다!,20210701,연예

"""수위 자제해 청불"" 나홍진X반종 손잡은 '랑종' 광기의 샤머니즘",20210702,연예

표예진 블링블링 잠못입고 윌슨과 스마일 '러블리',20210702,연예

이시영 묶어도 풀러도 매력적..성난등근육女의 반전 청순美,20210702,연예

"이소연 물오른 미모+꿀피부 ""힐링골프"" 근황공개",20210702,연예

김소연 '국민악녀 천사가 되다',20210702,연예

김소연 '천사가 된 천서진의 하트',20210702,연예

김소연 '행복공감봉사단 홍보대사입니다',20210702,연예

김소연 '천서진 인증샷은 필수죠',20210702,연예

김소연 '봉사단장의 솔선수범',20210702,연예

김소연 '속죄의 장남감 세척',20210702,연예

김소연 '덧신 착용도 엣지 있게',20210702,연예

김소연 '고무장갑 착용하는 천서진',20210702,연예

김소연 '홍보대사 겸 단장입니다',20210702,연예

김소연 '봉사하러 왔어요',20210702,연예

김소연 '천사가 된 천소진',20210702,연예

송민호가 그린 임수정 방송 공개 후 갑론을박...,20210703,연예

'방구석1열' 마블 특집 출연진이 뽑은 캡틴 아메리카 vs 아이언맨 승자는?,20210703,연예

'알고있지만' 한소희 집에 출동한 경찰차! 한밤 중 소동?,20210703,연예

'아는 형님' 2PM 출연! 여전히 완벽한 '인간 탑 쌓기' 군무,20210703,연예

'내가 키운다' 김구라·채림·조윤희·김현숙·김나영 솔로 육아 클럽 정모 현장!,20210703,연예

'오스카 퀸' 윤여정 아카데미 신규회원 초청…'미나리' 팀 7명 지명,20210703,연예

"송강-한소희 키스 직캠에 '나쁜손' 포착? ""진짜 설레네""",20210703,연예

송강호·이병헌 백신 접종 완료…칸 향하는 韓영화,20210703,연예

"윤종신 '좋니'로 저작권료 30억 넘겨...""다 회사에 투자 선미에게 미안해""",20210703,연예

'인간 디올' 수지 머리부터 발끝까지 럭셔리 명품으로 도배...,20210703,연예

'학폭 논란' 이재영-이다영 코 필러에 속눈썹 연장? 자숙 중 성형 의혹...,20210703,연예

'여성의 진화' 유종의 미 '블랙 위도우' 새로운 시작,20210704,연예

하이브 레이블즈 릴레이 공세… 2021 상반기 전세계 강타,20210704,연예

이보영·지성 '대상 부부'의 완벽한 배턴 터치,20210704,연예

'강철부대' UDT 팀장 김범석 결국 휴직까지...인기 몸살,20210704,연예

옥택연 100kg 육박하던 '캡틴 코리아' 시절 공개...스티브 유와 차원이 다르네!,20210704,연예

'79년생' 동갑내기 김규리-이지훈 전시회&amp;결혼 축하 인증샷~,20210704,연예

"'조혜련 남동생' 조지환 44세에 '엄카'로 치킨 주문? 母 ""금전 지원 끊겠다"" 극대노",20210704,연예

'1호가 될 순 없어' 최양락 쌍꺼풀 수술 뒷이야기 공개,20210704,연예

'알고있지만' 송강X한소희 결정적 변곡점과 함께 본 게임 돌입,20210704,연예

'세쌍둥이 임신' 황신영 시어머니 앞에서 '제로투' 댄스! 춤선에 '경악',20210704,연예

"서정희 ""죽고 싶었던 날 딸이 지켜줘 못난 엄마였다""",20210704,연예

"이인혜 새벽 1시에 열일 중? ""세상 청순한 교수님~""",20210704,연예

"'병아리 하이킥' 하승진 ""면목 없다"" 현영에 급 사죄...학부모 갈등?",20210704,연예

'펜트하우스 3' 고구마 파티에 시청률로 하락세...답답한 전개에 비난,20210704,연예

지드래곤 한여름에 이불 패션? 매형 김민준과 평화로운 근황...,20210704,연예

한소희 매혹적인 옆선+눈빛..'알고있지만' 빠져든다,20210705,연예

황신혜 59세 나이 무색한 늘씬 몸매 '섹시X과감',20210705,연예

'바라던 바다' 바 개업 기념 스페셜 포스터 공개,20210705,연예

이종혁 '해방타운' 이웃들 위해 '종혁 미식회' 열어,20210705,연예

'박하선♥' 류수영 딸과 첫 서핑의 추억..바라보기만해도 흐뭇,20210705,연예

'별루지' 지석진의 재발견,20210705,연예

145억 원 블록버스터 '싱크홀'에 영화계·IPTV 등 한마음으로 흥행 염원,20210705,연예

제시 역대급 파격노출 화보 '육감 몸매 과시',20210705,연예

"'바라던 바다' 긴장과 설렘 가득한 첫 영업 ""너무 떨려""",20210705,연예

"김세정 ""코로나19 음성판정 그래도 조심하겠다""",20210705,연예

'송중기 격리→차지연 확진' 연예계 다시 코로나19 악재 '비상',20210705,연예

블랙핑크 미국서 음악 작업…YG 하반기 실적 기대감↑,20210705,연예

'월간 집' 정소민 짝사랑 연하남 정건주 고백 작전 성공할까?,20210705,연예

복지TV SBS 기자 출신 이찬희 대표와 의학 정보 프로그램 신설,20210705,연예

"'돌싱글즈' 첫 만남부터 파격 질문 ""혹시 소송이나 사별하신 분?""",20210705,연예

'아돌라스쿨' 뱀뱀 영재 위한 태국 요리 선물...훈훈한 투샷,20210706,연예

'9월 결혼' NS윤지 예비신랑 알고보니 이상해·김영임 부부 아들,20210706,연예

"""송강호 열고 이병헌 닫는다"" 74회 칸영화제 개막(종합)",20210706,연예

라포엠 '펭수 만나러 왔어요',20210706,연예

음악기행에 나선 성악 어벤져스 라포엠,20210706,연예

라포엠 최성훈 '싱그러운 출근길',20210706,연예

라포엠 '일산에 뜬 성악 어벤져스',20210706,연예

라포엠 박기훈 '엣지 있는 하차',20210706,연예

라포엠 1주년에 티라노도 물개박수,20210706,연예

라포엠 '데뷔 1주년이랍니다',20210706,연예

라포엠 정민성 '눈빛이 찰랑',20210706,연예

라포엠 '세계음악기행 떠나요',20210706,연예

애프터스쿨 이주연 시선압도 비주얼+요염 포즈 '이유있는 인기',20210706,연예

'돌싱글즈' 첫 촬영부터 충격x설렘...4MC 촬영 현장 공개,20210706,연예

유재석 안테나 뮤직行…유희열과 함께 한다(종합),20210706,연예

"'미스터트롯' 출신 재풍 ""장윤정-창민 덕에 데뷔해"" 탈 신비주의 선언!",20210707,연예

솔빈 '당차게 고고씽',20210707,연예

'기성용♥' 한혜진 노메이크업에도 빛나는 명품 미모,20210707,연예

"태연 뮤직비디오 유출 KBS 닷새째 ""경위 파악중""",20210707,연예

"소유진 ♥백종원 라방서 강퇴 ""와이프 나가라고. 이러기야!"" 폭소",20210707,연예

'아돌라스쿨' 영재 뱀뱀에게 피아노 가르치다 급좌절...,20210707,연예

"[인터뷰⑤] 김서형 ""故이춘연 대표에 '여고괴담' 10편까지 부탁했는데…""",20210707,연예

'차이나는 클라스' 함은정 말레이시아 국왕과의 에피소드 공개,20210707,연예

"'차인표♥' 신애라 ""55년 생활습관 바꾼 남편 리스펙""",20210707,연예

'바라던 바다' 로제 스페셜 필름 공개…청량미 가득 'Gone',20210707,연예

"'월간 집' 정소민♥김지석 동침 사고 ""감정 변화 본격화"" 예고",20210707,연예

'내가 키운다' 조윤희-김현숙-김나영 육아 현실 포스터 공개,20210707,연예

박하선 품격있는 목동여신,20210707,연예

'8kg 요요' 유이 건강미넘치는 구릿빛 피부+몸매 '물올랐네',20210707,연예

유채훈 '하차와 동시에 예절성악돌',20210707,연예

"혜리 애교섞인 '간동거' 본방사수 부탁 ""봐주실거죠?"" 녹는다~",20210708,연예

윤진서 요염한 포즈로 신비한 모양의 타투 공개,20210708,연예

블랙핑크 태국 스타벅스와 컬래버레이션 MD 출시,20210708,연예

"'랑종' 반종 피산다나쿤 감독 ""나홍진은 천재 좋은 영화 만들고 싶었다""",20210708,연예

정소민 드라마 '환혼' 주인공… '연기로 채운다',20210708,연예

한국 영화 구원 투수 '초보' 조우진,20210708,연예

'월간 집' 김지석 언행 불일치 로맨스로 질투·직진 예고,20210708,연예

정유미 '윰블리'의 걱정근심 잊게하는 러블리 미소,20210708,연예

'백종원의 국민음식' 규현 당황케 한 백종원 '라떼 토크',20210708,연예

'차클' 향신료 한 줌에 소 7마리? 동남아 국제시장 이야기,20210708,연예

"이주영 외모지적 댓글에 ""보기싫으면 들어오지마"" 사이다 일침",20210708,연예

전여빈 '빈센조' 송중기 커피차 선물에 '감동',20210708,연예

"조세호X황광희 '랄라랜드' 합류…""치열한 가창 승부 벌인다""",20210708,연예

'내가 키운다' 조윤희 해님과도 통화하는 로아와의 일상 공개!,20210708,연예

'알고있지만' 송강만 모르는 진심?…3단 그린라이트 모먼트,20210708,연예

방탄소년단 무더위 날린 댄스와 토크..'PTD' 무대 첫 공개 (종합),20210709,연예

'이혼 안 한' 황정음·이영돈 이미 하와이서 귀국 (종합),20210709,연예

채림→조윤희 포복절도와 눈물바다 사이 '내가 키운다' (종합),20210709,연예

'개취존중 여행배틀-펫키지' 김희철·태연·홍현희·강기영 출연,20210709,연예

'견미리 딸' 이유비 브라톱입고 반전 볼륨감+잘록 허리 과시,20210709,연예

"'엔플라잉 탈퇴' 권광진 결혼 발표 ""준비하며 한번도 안싸움""",20210709,연예

"황정음 이영돈과 이혼 안 해… ""최근 화해""",20210709,연예

거리두기 4단계 격상에 고사 위기 영화계 '곡소리',20210709,연예

김현숙 '가장의 무게감이란',20210709,연예

이민호 마스크로 가려도 뿜어져나오는 잘생김,20210709,연예

"'아는 형님' 지연 시원한 폭로 ""나만 리더 못 해봤다""",20210709,연예

'1호가 될 순 없어' 엄영수 방송 최초 아내 공개,20210709,연예

'월간 집' 정소민을 향한 김지석의 스텝 바이 스텝!,20210709,연예

김현숙 '사뭇 달라진 느낌',20210709,연예

"'검사♥' 한지혜 첫딸 사진촬영 ""너무 사랑스럽다""",20210709,연예

'월간 집' 안창환 청약 당첨과 함께 여자친구 바람 현장 목격,20210710,연예

"'아는 형님' 티아라 ""숙소 생활 당시 귀신과 함께 살았다""",20210710,연예

'알고있지만' 송강X한소희 '꽁냥' 모드…이대로 로맨스 꽃길?!,20210710,연예

"'방구석 1열' 정재승 교수X마블 영화 특집! ""시간여행 가능하다?""",20210710,연예

방탄소년단 차트 장악..170만 장 판매·92개국 1위,20210710,연예

"'돌싱글즈' 정겨운 ""이혼 쿨하지 못해 지금의 아내에게 미안한 마음""",20210710,연예

"조윤희 이동건 닮은 딸과의 일상 공개...""애 아빠와는 일주일에 한번 만나""",20210710,연예

박나래 장기 투숙 중인 집 공개? 감성 가득한 텐트에 감탄...,20210710,연예

'내가 키운다' 첫방송부터 불러온 싱글맘의 공감대,20210710,연예

슈퍼모델 권은진 압도적 10등신 몸매 인증...필라테스로 다져진 핫바디!,20210710,연예

'커넥티드카' 시장을 잡아라…멜론·지니뮤직 등 경쟁 치열,20210710,연예

"(여자)아이들 전소연 ""핑크색 교복 입고 춤춰 가수가 이런 건가"" 현타 고백",20210710,연예

"임수정 생일 앞두고 올린 개념글에 팬들도 감동...""허세 아닌 진심""",20210710,연예

견미리 딸 이유비 과감한 속옷 화보....꿀피부로 시선강탈,20210710,연예

정준하 '아침마당'→'6시 내고향' 교양프로 휩쓴다,20210710,연예

"구혜선 '다크옐로우' BIFAN 첫선 ""여성이기에 담아낸 시선""(종합)",20210711,연예

"'돌싱글즈' 이혜영x이지혜 ""강다니엘 있네 있어!"" 돌싱남에 격한 환호~",20210711,연예

"코로나19 폭주에도 '블랙위도우' 100만 돌파 ""역시 마블""",20210711,연예

前소속사·연애·해체…'아는형님' 티아라 솔직함 중무장,20210711,연예

송강 못 버리는 한소희 '알고있지만' 가시밭길,20210711,연예

"'이동휘 여친' 정호연 극세사 수영복핏 공개...""말라도 너무 말랐네""",20210711,연예

'돌싱글즈' 오늘(11일) 첫 방송…돌싱남녀 8인→29금 직진 로맨스,20210711,연예

'1호가 될 순 없어' 김민경-구본승 제주도에서 재회!,20210711,연예

"윤은혜 ""김종국과 결혼하면 샅바 준다고"" 강호동도 인정한 썸...",20210711,연예

'나는 솔로' 데프콘x전효성x이이경 14인의 솔로남녀 등장에 '동공대확장',20210711,연예

"'새가수' 강승윤 ""모두 다 사랑하리"" 즉흥 라이브...배철수-이승철 극찬 세례!",20210711,연예

'알고있지만' 한소희X송강 아슬한 로맨스에 변수 될까 궁금증↑,20210711,연예

"이성민 ""새 작품 공개 때 실수하지 않으려 노력""",20210711,연예

"유병재 흑발 변신 후 은근슬쩍 변요한 행세? 전현무 ""내용증명 준비해야...""",20210711,연예

예비엄마였던 서보라미 별세...13일 방송 예정인 '노는 언니' 출연 어찌되나?,20210711,연예

'학폭 고백' 서신애 성숙해진 그녀의 화려한 외출,20210712,연예

'골때녀' 남자들도 눈물 짓게 만드는 '열정 축구',20210712,연예

넷플릭스 '신세계로부터' 제작..이승기·카이 등 출연,20210712,연예

'승부조작' 프로게이머 마재윤 방송 복귀 예고 '갑론을박',20210712,연예

최여진 살아있는 잔근육으로 시선압도하는 S라인,20210712,연예

'해방타운' 장윤정-윤혜진 '해방걸스'로 칼군무 선보여,20210712,연예

'바라던 바다' 스페셜 음악 알바생 로제 독보적 존재감 발산,20210712,연예

구혜선 원조 얼짱의 물오른 미모 '예쁘다',20210712,연예

'내가 키운다' 최고 시청률 5% 돌파…새로운 가족이 왔다,20210712,연예

"'알고있지만' 감정선 몰입 더한 한소희 독백 ""유나비에 빠져든다""",20210712,연예

"소유진 ""♥백종원 항상 공부모드..또 뭘 하실라고"" 열공 공개",20210712,연예

김혜수 조선시대 교육 그린 드라마 '슈룹' 주인공,20210712,연예

JTBC '인간실격' 배우 6인의 시놉시스 릴레이 낭독!,20210712,연예

'월간 집' 정소민♥김지석 사내 비밀 연애 미리보기,20210712,연예

전도연 넷플릭스 '길(KILL)복순' 주인공..킬러 변신,20210712,연예

이승기 이다인과 열애 후 첫 SNS '싱글벙글',20210713,연예

이성경 '우아한 빵터짐',20210713,연예

이성경 '더위 날리는 몽환미',20210713,연예

이성경 '클래스가 다른 손인사',20210713,연예

이성경 '열애설의 실체는?',20210713,연예

이성경 '더위 날리는 흑장미',20210713,연예

이성경 '더운 공기 가르는 출근길',20210713,연예

이성경 '크크크 열애 아냐요',20210713,연예

이성경 '바람이 만든 고혹 옆태',20210713,연예

이성경 '상큼한 출근 신고',20210713,연예

이성경 '향기로운 눈맞춤',20210713,연예

이성경 '윙크로 정조준',20210713,연예

이성경 '공기를 가르며 빵야',20210713,연예

이성경 '마주치면 이런 느낌',20210713,연예

이성경 '사랑스러운 손짓',20210713,연예

"김채빈 ""트로트계 4번 타자 되고파~"" 신곡 '홈런' 열창!",20210714,연예

"이지훈 前 소속사 측 ""이지훈 명예훼손-허위사실 유포 혐의로 고소""",20210714,연예

공효진 양갈래 머리하고 '공블리~',20210714,연예

"'브레이브걸스 1기' 한예진 방송서 다시 본다 ""쇼호스트 도전""",20210714,연예

신하균 온다… 이준익 감독作 티빙 '욘더' 주인공,20210714,연예

"'이천희♥' 전혜진 머리에 꽃꽂고 ""하와이 기분 내고 싶어서""",20210714,연예

'월간 집' 정소민♥김지석 채정안에 비밀 연애 발각 위기?,20210714,연예

'치과의사♥' 전혜빈 감탄자아내는 꿀피부 '반한 만',20210714,연예

'차클' 알리바바 창업자 마윈 연설 '1초에 1008억' 이유는?,20210714,연예

"문근영 ""나도 입이 근질근질"" 떡밥 투척에 팬들 궁금증 증폭",20210714,연예

'세리머니 클럽' 허영만 프로급 실력으로 박세리 극찬받아,20210714,연예

'월간 집' 내 님 마련한 정소민의 내 집 마련은?,20210714,연예

'㈜아이디어판다' 김풍-써니-이은지의 펀딩 제품 체험기,20210714,연예

'인간실격' 전도연X류준열 아련하고 가슴 시린 티저 포스터,20210714,연예

"포브스 ""방탄소년단 '버터' 올해 美서 50만장 이상 팔린 유일한 곡""",20210714,연예

'첫날 13만 직관' 뜨거운 '랑종' 영화만큼 매서운 관객평,20210715,연예

'새가수' 송창식-최백호-한영애 출격! 참가자들 무대에 '폭풍' 리액션~,20210715,연예

"이지혜 ""아이 볼 수 없게 된다면 차라리 죽을 것..."" 오열 현장",20210715,연예

'보이스4' 일레인 OST 'Hear for you' 참여...15일 티저 공개,20210715,연예

'월간 집' 정소민♥김지석 둘만의 데이트? 달달한 분위기 포착,20210715,연예

'백종원의 국민음식' 닮은 듯 다른 세계 각국의 만두 열전,20210715,연예

"황정민 '인질' 코로나19 정면 돌파…""잘 이겨낼 것""",20210715,연예

수지 영원한 국민 첫사랑의 심쿵 비주얼 '청순',20210715,연예

美래퍼 인디안 레드보이 라이브방송 중 총격 사망 '충격',20210715,연예

김영대 드라마 '학교 2021' 최종 하차,20210715,연예

'신기생뎐' 성훈·임수향 10년만 드라마 동반 주인공,20210715,연예

"민우혁 ""힘든 시국 공연 관람 쉽지않은 선택 감사+큰힘""",20210715,연예

'차이나는 클라스' 글로벌 시장 위협하는 중국 기업!,20210715,연예

'알고있지만' 얽히고설킨 청춘 로맨스 대사로 짚어보는 관계도,20210715,연예

'내가 키운다' 조윤희 딸 로아 '상황극 달인'으로 등극,20210715,연예

메시가 띄운 공…마라도나 환생한 듯 '환상 프리킥',20210615,스포츠

복귀 무산된 '승부조작' 강동희 전 감독…프로농구연맹 재심의 안건 기각,20210615,스포츠

송승준 '금지약물 소지' 혐의…72경기 출전 정지,20210615,스포츠

'승부조작' 제명 강동희 전 감독 오늘 KBL서 재심의,20210615,스포츠

강백호·이정후 '올림픽 데뷔'…추신수·오승환 제외,20210616,스포츠

수비 셋 바라만 봤다…전차군단 홀린 '음바페의 발',20210616,스포츠

"'올림픽 좌절' 이승우 SNS에 ""도움이 못돼 죄송하고 응원하겠다""",20210616,스포츠

추신수·오승환 빠지고 오지환 포함…올림픽 야구 대표팀 발표,20210616,스포츠

승부 조작 강동희 '제명' 유지…징계 해제안 기각,20210616,스포츠

한화 롯데 3-2로 꺾고 사흘 만에 꼴찌 탈출,20210616,스포츠

"'사격 황제' 진종오 5번째 올림픽…""은퇴 얘기에 승부욕""",20210617,스포츠

남자 농구대표팀 필리핀에 버저비터 허용 석패,20210617,스포츠

'뷰케넌 호투·피렐라 만루포' 앞세워 삼성 4연승,20210617,스포츠

강백호·이정후 '올림픽 데뷔'…한국 야구 '세대교체' 평가,20210617,스포츠

멈춰 선 그라운드…에릭센 쾌유 기원 '특별한 1분',20210618,스포츠

마이너리그 강등 뒤 '방출 대기'…험난한 양현종의 MLB 도전,20210618,스포츠

남자 농구대표팀 아시아컵 본선 진출 확정,20210618,스포츠

NC에 진 kt 6연승 마감…선두권 싸움 치열,20210618,스포츠

수아레스 보란 듯 '결정적 도움'…웃은 건 메시였다,20210619,스포츠

"에릭센 심장 수술 마치고 무사 퇴원…""러시아전 필승!""",20210619,스포츠

'15초 만에 역습' 호날두 한 방…팀은 자책골에 쓴맛,20210620,스포츠

"체인지업 안 먹히자 강속구…""류현진이 돌아왔다""",20210621,스포츠

여성으로 성전환한 뉴질랜드 역도선수…올림픽 사상 첫 트랜스젠더 출전,20210621,스포츠

조아제약 5월 MVP 최정이 순수한 팬을 선택한 사연,20210621,스포츠

K리그2 안양 부산과 '9골 난타전' 끝에 5-4 승리,20210621,스포츠

LG 3연전 싹쓸이 '선두 질주'…4연패 KIA 최하위로,20210621,스포츠

팀은 졌지만…빛나는 '15초 역습' 호날두의 한 방,20210621,스포츠

"유로 2020 흔든 '영국 코로나'…""결승 장소 바꿔야""",20210622,스포츠

포항 ACL 첫 경기서 태국 랏차부리 2-0 제압,20210623,스포츠

선두 LG '홈런 7방' 5연승 신바람…꼴찌 KIA 5연패,20210623,스포츠

바지까지 벗는 투수…불신이 낳은 메이저리그 '불심검문',20210624,스포츠

골키퍼들의 수난…유로 2020 '황당 자책골' 퍼레이드,20210624,스포츠

무기한 출전 정지라더니…'학폭 자매' 넉 달 만에 복귀 움직임,20210624,스포츠

권순우 도쿄올림픽 출전…이형택 이후 13년 만,20210624,스포츠

'5회 6점 집중력' SSG 열세 뒤집고 LG 6연승 저지,20210624,스포츠

'육상 기대주' 열일곱 양예빈…부상 딛고 보여준 가능성,20210625,스포츠

"""볼넷 허용하고 실점해달라""...전 삼성 투수 윤성환 승부조작 혐의로 구속기소",20210625,스포츠

선두 LG SSG에 역전패…상위 4팀 0.5경기 차,20210625,스포츠

배구판 흔든 '학폭 자매'…넉 달 만에 복귀 움직임,20210625,스포츠

"""류현진의 주무기 체인지업이 돌아왔다""…시즌 7승 달성",20210627,스포츠

위로가 찬사로…'에릭센 아픔' 덴마크 17년 만에 유로 8강,20210627,스포츠

7회 흔들렸지만…체인지업 살아난 류현진 '7승',20210627,스포츠

'선 넘은 팬'에 자전거 100여대 와르르…경찰 '수배령',20210628,스포츠

코로나·후쿠시마산 식단…'불안'과 싸우는 국가대표 선수들,20210628,스포츠

만화 같은 '원맨쇼'…MLB 오타니 시속 189㎞ 26호포,20210629,스포츠

K리그2 김천 아산 꺾고 4연승 질주…2위 점프,20210629,스포츠

포르투갈 16강 탈락…패배에 또 완장 내던진 호날두,20210629,스포츠

"""사고 한번 치고 싶다""…이강인·황의조 '김학범호' 확정",20210630,스포츠

'학폭' 이재영·이다영 선수등록 논란에…흥국생명 결단,20210630,스포츠

"박인비 ""금메달로 국위선양"" 고진영 ""후회없는 올림픽""",20210630,스포츠

권순우 윔블던 2회전 진출…서브 에이스 14개 폭발｜아침&amp; 지금,20210630,스포츠

토트넘 허락받은 손흥민…도쿄행 명단서 빠진 이유는?,20210701,스포츠

[오늘 이 장면] 생일날 만든 '3번째 사이클링 히트' 진기록,20210701,스포츠

중동 5개국과 한 조…'침대축구' 넘어야 월드컵 본선행,20210701,스포츠

월드컵 최종예선은 '침대 축구 이겨라'…한국 중동 5개 팀과 A조,20210701,스포츠

수도권 야구 관중 현행 30%로 유지…고척 20%,20210701,스포츠

두산 양석환 역전 만루포…한화 다시 꼴찌,20210701,스포츠

[오늘 이 장면] 몽피스의 독특한 '가랑이샷',20210702,스포츠

"안타 치고도 몰라서 '아웃'…황당 플레이에 ""프로 맞냐""",20210702,스포츠

페더러 46년 만에 최고령 윔블던 3회전 진출,20210702,스포츠

선두 kt 6연승 행진…강백호 시즌 첫 100안타,20210702,스포츠

역적에서 영웅으로…스페인 4강 이끈 '선방쇼',20210703,스포츠

이탈리아 벨기에 꺾고 4강 진출…32경기 '무패',20210703,스포츠

쓰러진 에릭센 위해 깨어난 덴마크…29년 만에 유로 4강,20210704,스포츠

[오늘 이 장면] 매번 다른 속임수…돈치치의 '쉬운 농구',20210705,스포츠

10번 찍어 넘어온 우승컵…고진영 '골프 사춘기' 극복기,20210705,스포츠

롯데 SSG에 승리…루키 김진욱 추신수·최정 연속 삼진,20210705,스포츠

에릭센 위해 뭉친 덴마크…29년 만에 유로 4강 올라,20210705,스포츠

"[오늘 이 장면] ""이런 골은 처음"" 윤빛가람의 '얼굴골'",20210706,스포츠

"""최고의 투구""…김광현 7회까지 단 89개 공으로 '무실점'",20210706,스포츠

할머니 관객의 슈퍼캐치…엄숙한 윔블던 '숨은 명장면',20210706,스포츠

ASA KIC-CUP 투어링카 레이스  2전 성료,20210706,스포츠

페더러·조코비치 나란히 윔블던 단식 8강 안착,20210706,스포츠

키움 '팀 사이클링 홈런' 폭발…15대 5로 kt 대파,20210706,스포츠

"""내가 널 잡아낼 거야"" 심리전 걸어온 골키퍼 결말은",20210707,스포츠

"김광현 7회까지 89개 공 던져 무실점…""최고의 호투"" 찬사",20210707,스포츠

'나성범·양의지 홈런포' NC 두산 제압…3연패 탈출,20210707,스포츠

[오늘 이 장면] 행운과 불운 사이…페더러의 '헛스윙',20210708,스포츠

354명 '올림픽 선수단' 결단식…기수는 김연경·황선우,20210708,스포츠

류현진 '부활한 체인지업'…삼진 7개 잡아내며 8승째,20210708,스포츠

"'올림픽 주장' 김연경 ""도쿄에 오래 머물고 싶어요""",20210708,스포츠

키움 SSG 꺾고 3연승…이정후 5년 연속 100안타,20210708,스포츠

페더러 윔블던서 0-3 완패로 4강 무산…조코비치 진출,20210708,스포츠

[오늘 이 장면] 밀워키의 한뼘 더 높은 '블록슛',20210709,스포츠

"""텅 빈 경기장에선 안 뛴다"" 올림픽 거부하는 선수들",20210709,스포츠

결국 함성 없는 '무관중 올림픽'…티켓 손실만 1조원,20210709,스포츠

박항서 감독 장인어른 별세 소식에 한국 귀국,20210709,스포츠

'쿠에바스 호투' kt 삼성 제압하고 단독 선두 질주,20210709,스포츠

바티-플리스코바 윔블던 여자 단식 결승 격돌,20210709,스포츠

류현진 전반기 8승…'부활한 체인지업' 삼진만 7개 잡아,20210709,스포츠

'무관의 한' 날린 메시…아르헨 브라질 꺾고 '코파' 우승,20210711,스포츠

'6이닝 무실점' 또 한 번의 완벽투…김광현 시즌 4승,20210711,스포츠

[오늘 이 장면] 날아오른 존슨 슬램덩크란 이런 것!,20210712,스포츠

선수들 잇단 확진에…프로야구 사상 첫 리그 중단,20210712,스포츠

조코비치 윔블던 우승…메이저 통산 20승 고지,20210712,스포츠

'6이닝 무실점' 3연승 행진…김광현 전반기 4승 마무리,20210712,스포츠

이탈리아 승부차기 끝에 잉글랜드 꺾고 유로 2020 우승｜아침&amp; 지금,20210712,스포츠

2년 만에 열린 올스타전…'홈런쇼' 평정한 최고 거포는?,20210713,스포츠

[오늘 이 장면] '골드컵' 문 연 자메이카의 골,20210713,스포츠

[뉴스체크｜오늘] 김학범호 아르헨티나와 평가전,20210713,스포츠

'선수 확진' 프로야구도 멈춰섰다…다음 달 10일 재개,20210713,스포츠

[오늘 이 장면] 이동경의 왼발 엄원상의 오른발,20210714,스포츠

리그 멈춰 세운 NC선수단 '술판'…박민우 국대 사퇴,20210714,스포츠

올림픽 대표팀 아르헨티나와 평가전서 2대2 무승부,20210714,스포츠

오타니보다 빛난 게레로 주니어…최연소 MVP,20210715,스포츠

페더러마저 '불참' …'별' 볼 일 없는 도쿄올림픽,20210715,스포츠

"프로야구 멈춰 세운 NC '술판'…""수칙 어기고 동선도 속여""",20210715,스포츠

내일 전국 대체로 흐리고 비…기온 다시 올라,20210615,날씨

전국 곳곳 비…제주 산간 100㎜ 폭우,20210615,날씨

비구름에 더위 오락가락…모레 전국에 비,20210616,날씨

중부 맑고 남부 흐림…동해안·제주 비,20210616,날씨

밤부터 전국 대부분 비 예보…낮 기온 25도 안팎,20210617,날씨

흐리고 더위 주춤…내일 전국 비,20210617,날씨

비 그치고 주말 '맑은 하늘'…30도 안팎 더위,20210618,날씨

오전까지 곳곳 비 조금…주말엔 더워,20210618,날씨

내일도 대체로 맑음…강원은 곳에 따라 비,20210619,날씨

전국 맑고 '30도 안팎' 무더위…강원 산간 한때 비,20210619,날씨

내일 '하지' 30도 안팎 무더위…전국 대체로 맑음,20210620,날씨

서울 28도 대구 32도…자외선 지수 '매우 높음',20210620,날씨

오늘 '하지 더위'…경기 동부·강원 비,20210621,날씨

전국 흐리고 충북·남부 내륙 중심 강한 소나기,20210622,날씨

이번주 내내 전국 곳곳 요란한 소나기…천둥·번개에 우박까지,20210622,날씨

전국 곳곳 소나기…낮 기온 27도 안팎,20210623,날씨

오늘도 곳곳 소나기…천둥·번개 동반,20210624,날씨

오늘도 곳곳 소나기…내일 전국 비,20210625,날씨

전국 대체로 흐림…곳곳 '약한 비' 오락가락,20210626,날씨

전국에 구름 많고 중부·제주 곳곳에 '소나기',20210627,날씨

전국 대부분 낮 기온 30도 안팎…곳곳에 소나기,20210627,날씨

오늘도 곳곳 소나기…미세먼지 양호,20210628,날씨

전국 곳곳 소나기…중부·전라권 최대 60mm,20210629,날씨

오늘도 곳곳 소나기…금요일 장마 시작,20210629,날씨

오늘도 게릴라성 소나기…대구 30도,20210630,날씨

늦은 장마 시작은 요란…3일부터 시간당 50㎜ 최고 150㎜,20210701,날씨

전남 담양 첫 폭염주의보…주말 장맛비,20210701,날씨

3일 오후부터 본격 장마…곳에 따라 최대 150㎜ '장대비',20210703,날씨

전국 장마 본격 시작...오후부터 전국 확대,20210703,날씨

광주·전남 장맛비 시작…내일까지 최고 150㎜ ↑,20210703,날씨

오후 대부분 그치는 비…경기 동부 등은 5일까지,20210704,날씨

오후 대부분 지역 갠다…내일 남해안-제주 모레 전국 다시 장맛비,20210704,날씨

남부 중심으로 거센 장맛비…최고 300mm이상,20210705,날씨

남부지방에 많은 비…낮 기온 최대 31도,20210706,날씨

밤사이 전국 비…오후엔 곳곳 소나기에 무더위,20210707,날씨

전국 대부분 무더위…곳곳에 강한 소나기,20210708,날씨

폭염 속 전국 곳곳 소나기…최고 100mm,20210709,날씨

푹푹 찌고 소나기 퍼붓는 주말…다음주 내내 덥다,20210709,날씨

경기 남부 등 폭염특보…곳곳 소나기,20210709,날씨

전국 흐리고 곳곳 소나기…서울 한낮 29도 '후텁지근',20210710,날씨

곳곳에 천둥·번개 동반 소나기…낮 최고 30도↑,20210711,날씨

'찜통더위' 초복…곳곳에 돌풍 동반한 소나기,20210711,날씨

전국에 '폭염 특보'…본격 무더위 시작,20210712,날씨

전국 찜통더위…내륙 곳곳 소나기,20210712,날씨

전국에 폭염특보…'대구 35도' 열대야도 이어져,20210713,날씨

서울 첫 열대야…주말까지 찜통더위 계속,20210713,날씨

30도 웃도는 무더위…곳곳에 강한 소나기,20210714,날씨

'마른 장마' '최장 장마' 이어 '소나기 장마'…강한 소나기 주의,20210715,날씨

오늘도 폭염…강원·경상 중심 소나기,20210715,날씨

